timestamp,city,temperature,description
2025-12-09T10:07:57.197Z,Wisbech,12.07,overcast clouds
2025-12-09T10:15:54.205Z,Wisbech,12.07,overcast clouds
2025-12-09T10:28:53.322Z,Wisbech,12.24,overcast clouds
2025-12-09T10:44:40.271Z,Wisbech,12.81,overcast clouds
2025-12-09T11:19:36.673Z,Wisbech,12.99,overcast clouds
2025-12-09T12:32:32.178Z,Wisbech,13.15,overcast clouds
2025-12-09T12:32:32.180Z,Wisbech,13.15,overcast clouds
2025-12-09T12:45:57.605Z,Wisbech,13.15,overcast clouds
2025-12-09T12:45:57.607Z,Wisbech,13.15,overcast clouds
2025-12-09T14:23:44.098Z,Wisbech,14.21,overcast clouds
2025-12-09T14:23:44.100Z,Wisbech,14.21,overcast clouds
2025-12-09T16:31:38.084Z,Wisbech,14.28,overcast clouds
2025-12-09T16:31:38.086Z,Wisbech,14.28,overcast clouds
2025-12-09T18:28:39.241Z,Wisbech,13.93,overcast clouds
2025-12-09T18:28:39.243Z,Wisbech,13.93,overcast clouds
2025-12-09T20:21:37.310Z,Wisbech,13.03,broken clouds
2025-12-09T20:21:37.312Z,Wisbech,13.03,broken clouds
2025-12-09T22:20:48.945Z,Wisbech,11.77,broken clouds
2025-12-09T22:20:48.946Z,Wisbech,11.77,broken clouds
2025-12-10T01:44:55.597Z,Wisbech,9.94,overcast clouds
2025-12-10T01:44:55.600Z,Wisbech,9.94,overcast clouds
2025-12-10T03:23:12.796Z,Wisbech,8.96,overcast clouds
2025-12-10T03:23:12.798Z,Wisbech,8.96,overcast clouds
2025-12-10T04:33:47.151Z,Wisbech,9.16,overcast clouds
2025-12-10T04:33:47.153Z,Wisbech,9.16,overcast clouds
2025-12-10T06:34:31.491Z,Wisbech,9.23,broken clouds
2025-12-10T06:34:31.493Z,Wisbech,9.23,broken clouds
2025-12-10T08:30:43.110Z,Wisbech,9.25,scattered clouds
2025-12-10T08:30:43.111Z,Wisbech,9.25,scattered clouds
2025-12-10T10:26:12.416Z,Wisbech,10.19,broken clouds
2025-12-10T10:26:12.417Z,Wisbech,10.19,broken clouds
2025-12-10T12:46:27.570Z,Wisbech,12.14,scattered clouds
2025-12-10T12:46:27.572Z,Wisbech,12.14,scattered clouds
2025-12-10T14:23:58.036Z,Wisbech,12.09,few clouds
2025-12-10T14:23:58.037Z,Wisbech,12.09,few clouds
2025-12-10T16:29:21.225Z,Wisbech,10.75,scattered clouds
2025-12-10T16:29:21.227Z,Wisbech,10.75,scattered clouds
2025-12-10T18:31:30.812Z,Wisbech,9.18,scattered clouds
2025-12-10T18:31:30.814Z,Wisbech,9.18,scattered clouds
2025-12-10T20:26:06.562Z,Wisbech,9.16,broken clouds
2025-12-10T20:26:06.564Z,Wisbech,9.16,broken clouds
2025-12-10T22:20:59.434Z,Wisbech,9.18,overcast clouds
2025-12-10T22:20:59.435Z,Wisbech,9.18,overcast clouds
2025-12-11T01:45:33.579Z,Wisbech,7.95,overcast clouds
2025-12-11T01:45:33.580Z,Wisbech,7.95,overcast clouds
2025-12-11T03:25:15.281Z,Wisbech,7.81,overcast clouds
2025-12-11T03:25:15.284Z,Wisbech,7.81,overcast clouds
2025-12-11T04:35:27.771Z,Wisbech,6.95,overcast clouds
2025-12-11T04:35:27.772Z,Wisbech,6.95,overcast clouds
2025-12-11T06:35:12.598Z,Wisbech,6.98,overcast clouds
2025-12-11T06:35:12.599Z,Wisbech,6.98,overcast clouds
2025-12-11T08:31:14.885Z,Wisbech,7.21,broken clouds
2025-12-11T08:31:14.887Z,Wisbech,7.21,broken clouds
2025-12-11T10:26:00.253Z,Wisbech,9.38,broken clouds
2025-12-11T10:26:00.255Z,Wisbech,9.38,broken clouds
2025-12-11T12:48:47.983Z,Wisbech,10.26,overcast clouds
2025-12-11T12:48:47.985Z,Wisbech,10.26,overcast clouds
2025-12-11T14:22:51.046Z,Wisbech,10.61,few clouds
2025-12-11T14:22:51.048Z,Wisbech,10.61,few clouds
2025-12-11T16:32:16.750Z,Wisbech,8.91,few clouds
2025-12-11T16:32:16.752Z,Wisbech,8.91,few clouds
2025-12-11T18:31:47.393Z,Wisbech,8.9,overcast clouds
2025-12-11T18:31:47.394Z,Wisbech,8.9,overcast clouds
2025-12-11T20:25:06.531Z,Wisbech,8.9,overcast clouds
2025-12-11T20:25:06.533Z,Wisbech,8.9,overcast clouds
2025-12-11T22:21:08.332Z,Wisbech,8.91,overcast clouds
2025-12-11T22:21:08.334Z,Wisbech,8.91,overcast clouds
2025-12-12T01:44:59.741Z,Wisbech,9.62,overcast clouds
2025-12-12T01:44:59.743Z,Wisbech,9.62,overcast clouds
2025-12-12T03:23:54.768Z,Wisbech,9.8,overcast clouds
2025-12-12T03:23:54.770Z,Wisbech,9.8,overcast clouds
2025-12-12T04:34:08.469Z,Wisbech,9.19,overcast clouds
2025-12-12T04:34:08.472Z,Wisbech,9.19,overcast clouds
2025-12-12T06:34:26.882Z,Wisbech,9.19,overcast clouds
2025-12-12T06:34:26.884Z,Wisbech,9.19,overcast clouds
2025-12-12T08:31:07.121Z,Wisbech,9.37,overcast clouds
2025-12-12T08:31:07.123Z,Wisbech,9.37,overcast clouds
2025-12-12T10:24:11.673Z,Wisbech,10.27,overcast clouds
2025-12-12T10:24:11.674Z,Wisbech,10.27,overcast clouds
2025-12-12T12:45:27.797Z,Wisbech,11.15,overcast clouds
2025-12-12T12:45:27.800Z,Wisbech,11.15,overcast clouds
2025-12-12T14:20:23.721Z,Wisbech,11.46,overcast clouds
2025-12-12T14:20:23.745Z,Wisbech,11.46,overcast clouds
2025-12-12T16:27:13.885Z,Wisbech,10.67,overcast clouds
2025-12-12T16:27:13.887Z,Wisbech,10.67,overcast clouds
2025-12-12T18:33:02.152Z,Wisbech,8.26,overcast clouds
2025-12-12T18:33:02.411Z,Wisbech,8.26,overcast clouds
2025-12-12T20:24:18.441Z,Wisbech,6.36,overcast clouds
2025-12-12T20:24:18.443Z,Wisbech,6.36,overcast clouds
2025-12-12T22:20:32.325Z,Wisbech,5.27,overcast clouds
2025-12-12T22:20:32.327Z,Wisbech,5.27,overcast clouds
2025-12-13T01:39:43.315Z,Wisbech,4.37,broken clouds
2025-12-13T01:39:43.317Z,Wisbech,4.37,broken clouds
2025-12-13T03:16:36.227Z,Wisbech,3.57,scattered clouds
2025-12-13T03:16:36.229Z,Wisbech,3.57,scattered clouds
2025-12-13T04:26:39.354Z,Wisbech,3.21,scattered clouds
2025-12-13T04:26:39.355Z,Wisbech,3.21,scattered clouds
2025-12-13T06:31:26.580Z,Wisbech,3.29,clear sky
2025-12-13T06:31:26.584Z,Wisbech,3.29,clear sky
2025-12-13T08:26:34.756Z,Wisbech,1.86,clear sky
2025-12-13T08:26:34.758Z,Wisbech,1.86,clear sky
2025-12-13T10:20:48.875Z,Wisbech,4.94,clear sky
2025-12-13T10:20:48.878Z,Wisbech,4.94,clear sky
2025-12-13T12:39:44.955Z,Wisbech,8.03,scattered clouds
2025-12-13T12:39:44.957Z,Wisbech,8.03,scattered clouds
2025-12-13T14:18:31.427Z,Wisbech,8.32,broken clouds
2025-12-13T14:18:31.429Z,Wisbech,8.32,broken clouds
2025-12-13T16:25:06.011Z,Wisbech,6.88,broken clouds
2025-12-13T16:25:06.013Z,Wisbech,6.88,broken clouds
2025-12-13T18:27:56.910Z,Wisbech,6.62,overcast clouds
2025-12-13T18:27:56.912Z,Wisbech,6.62,overcast clouds
2025-12-13T20:22:09.730Z,Wisbech,5.91,overcast clouds
2025-12-13T20:22:09.733Z,Wisbech,5.91,overcast clouds
2025-12-13T22:19:15.233Z,Wisbech,6.02,overcast clouds
2025-12-13T22:19:15.235Z,Wisbech,6.02,overcast clouds
2025-12-14T01:51:12.069Z,Wisbech,7.29,few clouds
2025-12-14T01:51:12.071Z,Wisbech,7.29,few clouds
2025-12-14T03:39:03.020Z,Wisbech,7.16,broken clouds
2025-12-14T03:39:03.022Z,Wisbech,7.16,broken clouds
2025-12-14T04:36:52.872Z,Wisbech,7.54,broken clouds
2025-12-14T04:36:52.874Z,Wisbech,7.54,broken clouds
2025-12-14T06:31:22.231Z,Wisbech,7.45,broken clouds
2025-12-14T06:31:22.233Z,Wisbech,7.45,broken clouds
2025-12-14T08:27:04.470Z,Wisbech,7.26,overcast clouds
2025-12-14T08:27:04.472Z,Wisbech,7.26,overcast clouds
2025-12-14T10:20:57.151Z,Wisbech,8.2,overcast clouds
2025-12-14T10:20:57.152Z,Wisbech,8.2,overcast clouds
2025-12-14T12:40:08.040Z,Wisbech,9.5,overcast clouds
2025-12-14T12:40:08.042Z,Wisbech,9.5,overcast clouds
2025-12-14T14:19:02.392Z,Wisbech,9.96,overcast clouds
2025-12-14T14:19:02.394Z,Wisbech,9.96,overcast clouds
2025-12-14T16:24:47.617Z,Wisbech,8.85,overcast clouds
2025-12-14T16:24:47.619Z,Wisbech,8.85,overcast clouds
2025-12-14T18:29:24.303Z,Wisbech,8.7,overcast clouds
2025-12-14T18:29:24.304Z,Wisbech,8.7,overcast clouds
2025-12-14T20:22:46.009Z,Wisbech,9.03,overcast clouds
2025-12-14T20:22:46.015Z,Wisbech,9.03,overcast clouds
2025-12-14T22:19:07.614Z,Wisbech,9.48,overcast clouds
2025-12-14T22:19:07.616Z,Wisbech,9.48,overcast clouds
2025-12-15T01:49:16.463Z,Wisbech,10.2,overcast clouds
2025-12-15T01:49:16.465Z,Wisbech,10.2,overcast clouds
2025-12-15T03:42:29.237Z,Wisbech,10.02,broken clouds
2025-12-15T03:42:29.239Z,Wisbech,10.02,broken clouds
2025-12-15T04:41:03.875Z,Wisbech,9.96,overcast clouds
2025-12-15T04:41:03.877Z,Wisbech,9.96,overcast clouds
2025-12-15T06:36:56.346Z,Wisbech,9.84,overcast clouds
2025-12-15T06:36:56.348Z,Wisbech,9.84,overcast clouds
2025-12-15T08:33:42.459Z,Wisbech,9.54,overcast clouds
2025-12-15T08:33:42.463Z,Wisbech,9.54,overcast clouds
2025-12-15T10:27:33.898Z,Wisbech,10.02,overcast clouds
2025-12-15T10:27:33.900Z,Wisbech,10.02,overcast clouds
2025-12-15T12:49:36.970Z,Wisbech,11.22,clear sky
2025-12-15T12:49:36.972Z,Wisbech,11.22,clear sky
2025-12-15T14:26:41.165Z,Wisbech,11.12,clear sky
2025-12-15T14:26:41.169Z,Wisbech,11.12,clear sky
2025-12-15T16:32:38.091Z,Wisbech,9.75,scattered clouds
2025-12-15T16:32:38.093Z,Wisbech,9.75,scattered clouds
2025-12-15T18:33:51.900Z,Wisbech,9.37,overcast clouds
2025-12-15T18:33:51.902Z,Wisbech,9.37,overcast clouds
2025-12-15T20:25:28.064Z,Wisbech,9.93,light rain
2025-12-15T20:25:28.065Z,Wisbech,9.93,light rain
2025-12-15T22:21:23.927Z,Wisbech,10.09,overcast clouds
2025-12-15T22:21:23.929Z,Wisbech,10.09,overcast clouds
2025-12-16T01:46:07.533Z,Wisbech,9.65,light rain
2025-12-16T01:46:07.535Z,Wisbech,9.65,light rain
2025-12-16T03:25:15.954Z,Wisbech,9.22,overcast clouds
2025-12-16T03:25:15.956Z,Wisbech,9.22,overcast clouds
2025-12-16T04:36:05.594Z,Wisbech,9.22,overcast clouds
2025-12-16T04:36:05.596Z,Wisbech,9.22,overcast clouds
2025-12-16T06:35:03.012Z,Wisbech,9.35,light rain
2025-12-16T06:35:03.015Z,Wisbech,9.35,light rain
2025-12-16T08:31:34.627Z,Wisbech,9.96,light rain
2025-12-16T08:31:34.629Z,Wisbech,9.96,light rain
2025-12-16T10:26:51.676Z,Wisbech,9.17,overcast clouds
2025-12-16T10:26:51.678Z,Wisbech,9.17,overcast clouds
2025-12-16T12:47:36.958Z,Wisbech,8.69,light rain
2025-12-16T12:47:36.960Z,Wisbech,8.69,light rain
2025-12-16T14:25:30.552Z,Wisbech,7.81,overcast clouds
2025-12-16T14:25:30.554Z,Wisbech,7.81,overcast clouds
2025-12-16T16:30:49.469Z,Wisbech,7.21,overcast clouds
2025-12-16T16:30:49.472Z,Wisbech,7.21,overcast clouds
2025-12-16T18:33:41.971Z,Wisbech,6.14,overcast clouds
2025-12-16T18:33:41.973Z,Wisbech,6.14,overcast clouds
2025-12-16T20:25:35.114Z,Wisbech,5.1,broken clouds
2025-12-16T20:25:35.116Z,Wisbech,5.1,broken clouds
2025-12-16T22:20:11.279Z,Wisbech,3.9,scattered clouds
2025-12-16T22:20:11.284Z,Wisbech,3.9,scattered clouds
2025-12-17T01:41:55.891Z,Wisbech,0.7,few clouds
2025-12-17T01:41:55.896Z,Wisbech,0.7,few clouds
2025-12-17T03:20:45.514Z,Wisbech,0.73,few clouds
2025-12-17T03:20:45.516Z,Wisbech,0.73,few clouds
2025-12-17T04:33:33.122Z,Wisbech,0.7,scattered clouds
2025-12-17T04:33:33.124Z,Wisbech,0.7,scattered clouds
2025-12-17T06:34:57.696Z,Wisbech,0.88,scattered clouds
2025-12-17T06:34:57.711Z,Wisbech,0.88,scattered clouds
2025-12-17T08:31:38.502Z,Wisbech,1.04,overcast clouds
2025-12-17T08:31:38.504Z,Wisbech,1.04,overcast clouds
2025-12-17T10:25:32.360Z,Wisbech,2.96,overcast clouds
2025-12-17T10:25:32.363Z,Wisbech,2.96,overcast clouds
2025-12-17T12:47:02.439Z,Wisbech,6.02,light rain
2025-12-17T12:47:02.441Z,Wisbech,6.02,light rain
2025-12-17T14:24:03.154Z,Wisbech,7.1,overcast clouds
2025-12-17T14:24:03.156Z,Wisbech,7.1,overcast clouds
2025-12-17T16:30:03.325Z,Wisbech,8.13,overcast clouds
2025-12-17T16:30:03.327Z,Wisbech,8.13,overcast clouds
2025-12-17T18:34:09.072Z,Wisbech,8.9,overcast clouds
2025-12-17T18:34:09.076Z,Wisbech,9.01,overcast clouds
2025-12-17T20:25:48.827Z,Wisbech,9.19,overcast clouds
2025-12-17T20:25:48.832Z,Wisbech,9.19,overcast clouds
2025-12-17T22:20:34.826Z,Wisbech,9.76,overcast clouds
2025-12-17T22:20:34.829Z,Wisbech,9.76,overcast clouds
2025-12-18T01:41:57.764Z,Wisbech,9.94,overcast clouds
2025-12-18T01:41:57.765Z,Wisbech,9.94,overcast clouds
2025-12-18T03:21:34.092Z,Wisbech,10.14,overcast clouds
2025-12-18T03:21:34.109Z,Wisbech,10.14,overcast clouds
2025-12-18T04:34:44.117Z,Wisbech,10.14,overcast clouds
2025-12-18T04:34:44.119Z,Wisbech,10.14,overcast clouds
2025-12-18T06:34:56.322Z,Wisbech,10.2,overcast clouds
2025-12-18T06:34:56.324Z,Wisbech,9.35,overcast clouds
2025-12-18T08:30:45.108Z,Wisbech,9.57,overcast clouds
2025-12-18T08:30:45.110Z,Wisbech,9.57,overcast clouds
2025-12-18T10:24:42.303Z,Wisbech,10.28,overcast clouds
2025-12-18T10:24:42.305Z,Wisbech,10.28,overcast clouds
2025-12-18T12:44:57.727Z,Wisbech,10.89,moderate rain
2025-12-18T12:44:57.728Z,Wisbech,10.89,moderate rain
2025-12-18T14:23:55.728Z,Wisbech,10.25,moderate rain
2025-12-18T14:23:55.730Z,Wisbech,10.25,moderate rain
2025-12-18T16:31:35.573Z,Wisbech,11.01,moderate rain
2025-12-18T16:31:35.576Z,Wisbech,11.01,moderate rain
2025-12-18T18:33:10.571Z,Wisbech,11.18,overcast clouds
2025-12-18T18:33:10.573Z,Wisbech,11.18,overcast clouds
2025-12-18T20:21:50.595Z,Wisbech,11.31,overcast clouds
2025-12-18T20:21:50.597Z,Wisbech,11.31,overcast clouds
2025-12-18T22:20:31.106Z,Wisbech,10.14,overcast clouds
2025-12-18T22:20:31.108Z,Wisbech,10.14,overcast clouds
2025-12-19T01:44:59.547Z,Wisbech,8.29,overcast clouds
2025-12-19T01:44:59.549Z,Wisbech,8.29,overcast clouds
2025-12-19T03:24:30.840Z,Wisbech,7.22,overcast clouds
2025-12-19T03:24:30.842Z,Wisbech,7.22,overcast clouds
2025-12-19T04:34:35.802Z,Wisbech,6.02,overcast clouds
2025-12-19T04:34:35.804Z,Wisbech,6.02,overcast clouds
2025-12-19T06:33:17.131Z,Wisbech,6.57,overcast clouds
2025-12-19T06:33:17.132Z,Wisbech,6.57,overcast clouds
2025-12-19T08:30:43.949Z,Wisbech,6.01,few clouds
2025-12-19T08:30:43.951Z,Wisbech,6.01,few clouds
2025-12-19T10:24:43.174Z,Wisbech,7.26,few clouds
2025-12-19T10:24:43.175Z,Wisbech,7.26,few clouds
2025-12-19T12:42:53.882Z,Wisbech,9.09,overcast clouds
2025-12-19T12:42:53.884Z,Wisbech,9.09,overcast clouds
2025-12-19T14:21:52.333Z,Wisbech,9.84,overcast clouds
2025-12-19T14:21:52.336Z,Wisbech,9.84,overcast clouds
2025-12-19T16:27:47.938Z,Wisbech,7.82,broken clouds
2025-12-19T16:27:47.939Z,Wisbech,7.82,broken clouds
2025-12-19T18:31:18.961Z,Wisbech,6.95,clear sky
2025-12-19T18:31:18.963Z,Wisbech,6.95,clear sky
2025-12-19T20:23:54.728Z,Wisbech,6.36,clear sky
2025-12-19T20:23:54.729Z,Wisbech,6.36,clear sky
2025-12-19T22:20:46.623Z,Wisbech,5.41,clear sky
2025-12-19T22:20:46.625Z,Wisbech,5.41,clear sky
2025-12-20T01:39:55.620Z,Wisbech,3.99,clear sky
2025-12-20T01:39:55.622Z,Wisbech,3.99,clear sky
2025-12-20T03:15:44.431Z,Wisbech,3.27,clear sky
2025-12-20T03:15:44.433Z,Wisbech,3.27,clear sky
2025-12-20T04:27:00.250Z,Wisbech,3.14,clear sky
2025-12-20T04:27:00.252Z,Wisbech,3.14,clear sky
2025-12-20T06:31:41.509Z,Wisbech,2.51,clear sky
2025-12-20T06:31:41.511Z,Wisbech,2.51,clear sky
2025-12-20T08:27:02.376Z,Wisbech,2.93,clear sky
2025-12-20T08:27:02.378Z,Wisbech,2.93,clear sky
2025-12-20T10:20:36.247Z,Wisbech,4.46,clear sky
2025-12-20T10:20:36.250Z,Wisbech,4.46,clear sky
2025-12-20T12:40:03.568Z,Wisbech,8.03,clear sky
2025-12-20T12:40:03.570Z,Wisbech,8.03,clear sky
2025-12-20T14:18:24.091Z,Wisbech,8.77,clear sky
2025-12-20T14:18:24.097Z,Wisbech,8.77,clear sky
2025-12-20T16:24:42.242Z,Wisbech,6.32,clear sky
2025-12-20T16:24:42.244Z,Wisbech,6.32,clear sky
2025-12-20T18:27:29.367Z,Wisbech,4.84,clear sky
2025-12-20T18:27:29.369Z,Wisbech,4.84,clear sky
2025-12-20T20:21:35.303Z,Wisbech,5.02,clear sky
2025-12-20T20:21:35.305Z,Wisbech,5.02,clear sky
2025-12-20T22:19:12.713Z,Wisbech,4.74,scattered clouds
2025-12-20T22:19:12.715Z,Wisbech,4.74,scattered clouds
2025-12-21T01:51:16.594Z,Wisbech,6.77,light rain
2025-12-21T01:51:16.596Z,Wisbech,6.77,light rain
2025-12-21T03:39:05.778Z,Wisbech,6.82,overcast clouds
2025-12-21T03:39:05.780Z,Wisbech,6.82,overcast clouds
2025-12-21T04:37:35.547Z,Wisbech,7.11,overcast clouds
2025-12-21T04:37:35.550Z,Wisbech,7.11,overcast clouds
2025-12-21T06:31:49.233Z,Wisbech,7.86,overcast clouds
2025-12-21T06:31:49.235Z,Wisbech,7.86,overcast clouds
2025-12-21T08:27:30.764Z,Wisbech,7.86,overcast clouds
2025-12-21T08:27:30.766Z,Wisbech,7.86,overcast clouds
2025-12-21T10:21:05.554Z,Wisbech,8.75,overcast clouds
2025-12-21T10:21:05.555Z,Wisbech,8.75,overcast clouds
2025-12-21T12:40:21.833Z,Wisbech,9.53,overcast clouds
2025-12-21T12:40:21.835Z,Wisbech,9.53,overcast clouds
2025-12-21T14:19:19.594Z,Wisbech,9.99,overcast clouds
2025-12-21T14:19:19.596Z,Wisbech,9.99,overcast clouds
2025-12-21T16:25:10.421Z,Wisbech,9.53,overcast clouds
2025-12-21T16:25:10.428Z,Wisbech,9.53,overcast clouds
2025-12-21T18:29:15.448Z,Wisbech,9.51,light rain
2025-12-21T18:29:15.450Z,Wisbech,9.51,light rain
2025-12-21T20:22:28.049Z,Wisbech,9.59,light rain
2025-12-21T20:22:28.050Z,Wisbech,9.59,light rain
2025-12-21T22:20:09.072Z,Wisbech,8.61,light rain
2025-12-21T22:20:09.074Z,Wisbech,8.61,light rain
2025-12-22T01:50:26.366Z,Wisbech,8.2,overcast clouds
2025-12-22T01:50:26.367Z,Wisbech,8.2,overcast clouds
2025-12-22T03:43:24.926Z,Wisbech,8.13,overcast clouds
2025-12-22T03:43:24.928Z,Wisbech,8.13,overcast clouds
2025-12-22T04:40:48.755Z,Wisbech,7.4,overcast clouds
2025-12-22T04:40:48.767Z,Wisbech,7.4,overcast clouds
2025-12-22T06:36:25.619Z,Wisbech,6.97,overcast clouds
2025-12-22T06:36:25.622Z,Wisbech,6.97,overcast clouds
2025-12-22T08:31:54.263Z,Wisbech,5.84,overcast clouds
2025-12-22T08:31:54.277Z,Wisbech,5.84,overcast clouds
2025-12-22T10:24:07.500Z,Wisbech,6.37,overcast clouds
2025-12-22T10:24:07.502Z,Wisbech,6.37,overcast clouds
2025-12-22T12:44:30.625Z,Wisbech,9.12,overcast clouds
2025-12-22T12:44:30.627Z,Wisbech,9.12,overcast clouds
2025-12-22T14:21:58.973Z,Wisbech,9.06,overcast clouds
2025-12-22T14:21:58.975Z,Wisbech,9.06,overcast clouds
2025-12-22T16:27:58.558Z,Wisbech,7.12,overcast clouds
2025-12-22T16:27:58.561Z,Wisbech,7.12,overcast clouds
2025-12-22T18:32:21.105Z,Wisbech,6.84,overcast clouds
2025-12-22T18:32:21.107Z,Wisbech,6.84,overcast clouds
2025-12-22T20:23:57.908Z,Wisbech,5.43,overcast clouds
2025-12-22T20:23:57.910Z,Wisbech,5.43,overcast clouds
2025-12-22T22:21:25.744Z,Wisbech,4.44,overcast clouds
2025-12-22T22:21:25.985Z,Wisbech,4.44,overcast clouds
2025-12-23T01:46:00.677Z,Wisbech,6.66,overcast clouds
2025-12-23T01:46:00.680Z,Wisbech,6.66,overcast clouds
2025-12-23T03:27:08.077Z,Wisbech,6.75,overcast clouds
2025-12-23T03:27:08.078Z,Wisbech,6.75,overcast clouds
2025-12-23T04:37:55.819Z,Wisbech,6.63,overcast clouds
2025-12-23T04:37:55.821Z,Wisbech,6.63,overcast clouds
2025-12-23T06:35:37.281Z,Wisbech,6.83,overcast clouds
2025-12-23T06:35:37.283Z,Wisbech,6.83,overcast clouds
2025-12-23T08:31:06.286Z,Wisbech,6.93,broken clouds
2025-12-23T08:31:06.288Z,Wisbech,6.93,broken clouds
2025-12-23T10:25:04.154Z,Wisbech,6.95,overcast clouds
2025-12-23T10:25:04.155Z,Wisbech,6.95,overcast clouds
2025-12-23T12:45:58.645Z,Wisbech,6.31,overcast clouds
2025-12-23T12:45:58.647Z,Wisbech,6.31,overcast clouds
2025-12-23T14:21:50.483Z,Wisbech,6.18,overcast clouds
2025-12-23T14:21:50.485Z,Wisbech,6.18,overcast clouds
2025-12-23T16:28:54.030Z,Wisbech,6.18,overcast clouds
2025-12-23T16:28:54.032Z,Wisbech,6.18,overcast clouds
2025-12-23T18:32:39.779Z,Wisbech,6.18,overcast clouds
2025-12-23T18:32:39.781Z,Wisbech,6.18,overcast clouds
2025-12-23T20:23:34.778Z,Wisbech,5.89,overcast clouds
2025-12-23T20:23:34.780Z,Wisbech,5.89,overcast clouds
2025-12-23T22:20:19.047Z,Wisbech,5.69,overcast clouds
2025-12-23T22:20:19.062Z,Wisbech,5.69,overcast clouds
2025-12-24T01:44:27.206Z,Wisbech,5.89,broken clouds
2025-12-24T01:44:27.208Z,Wisbech,5.89,broken clouds
2025-12-24T03:24:41.061Z,Wisbech,5.25,broken clouds
2025-12-24T03:24:41.063Z,Wisbech,5.25,broken clouds
2025-12-24T04:36:19.692Z,Wisbech,4.92,broken clouds
2025-12-24T04:36:19.693Z,Wisbech,4.92,broken clouds
2025-12-24T06:35:24.267Z,Wisbech,3.88,few clouds
2025-12-24T06:35:24.269Z,Wisbech,3.87,few clouds
2025-12-24T08:30:41.493Z,Wisbech,3.65,clear sky
2025-12-24T08:30:41.495Z,Wisbech,3.65,clear sky
2025-12-24T10:22:55.070Z,Wisbech,4.61,clear sky
2025-12-24T10:22:55.072Z,Wisbech,4.61,clear sky
2025-12-24T12:43:57.828Z,Wisbech,5.86,clear sky
2025-12-24T12:43:57.830Z,Wisbech,5.86,clear sky
2025-12-24T14:20:25.862Z,Wisbech,5.75,clear sky
2025-12-24T14:20:25.864Z,Wisbech,5.75,clear sky
2025-12-24T16:27:22.879Z,Wisbech,4.6,clear sky
2025-12-24T16:27:22.882Z,Wisbech,4.6,clear sky
2025-12-24T18:31:34.251Z,Wisbech,5.21,few clouds
2025-12-24T18:31:34.253Z,Wisbech,5.21,few clouds
2025-12-24T20:23:21.282Z,Wisbech,5.42,few clouds
2025-12-24T20:23:21.284Z,Wisbech,5.42,few clouds
2025-12-24T22:20:42.230Z,Wisbech,4.86,clear sky
2025-12-24T22:20:42.232Z,Wisbech,4.86,clear sky
2025-12-25T01:46:23.657Z,Wisbech,4.42,clear sky
2025-12-25T01:46:23.659Z,Wisbech,4.42,clear sky
2025-12-25T03:27:36.595Z,Wisbech,3.96,clear sky
2025-12-25T03:27:36.597Z,Wisbech,3.96,clear sky
2025-12-25T04:38:19.956Z,Wisbech,3.47,clear sky
2025-12-25T04:38:19.958Z,Wisbech,3.47,clear sky
2025-12-25T06:34:49.637Z,Wisbech,4.44,clear sky
2025-12-25T06:34:49.643Z,Wisbech,4.44,clear sky
2025-12-25T08:29:40.546Z,Wisbech,3.93,clear sky
2025-12-25T08:29:40.548Z,Wisbech,3.93,clear sky
2025-12-25T10:23:05.337Z,Wisbech,4.78,clear sky
2025-12-25T10:23:05.341Z,Wisbech,4.78,clear sky
2025-12-25T12:43:09.129Z,Wisbech,5.79,clear sky
2025-12-25T12:43:09.131Z,Wisbech,5.79,clear sky
2025-12-25T14:20:28.213Z,Wisbech,5.78,clear sky
2025-12-25T14:20:28.216Z,Wisbech,5.78,clear sky
2025-12-25T16:27:10.243Z,Wisbech,4.55,clear sky
2025-12-25T16:27:10.245Z,Wisbech,4.55,clear sky
2025-12-25T18:30:48.707Z,Wisbech,3.52,clear sky
2025-12-25T18:30:48.709Z,Wisbech,3.52,clear sky
2025-12-25T20:24:16.814Z,Wisbech,4.39,clear sky
2025-12-25T20:24:16.816Z,Wisbech,4.39,clear sky
2025-12-25T22:20:20.331Z,Wisbech,3.98,clear sky
2025-12-25T22:20:20.333Z,Wisbech,3.98,clear sky
2025-12-26T01:45:38.433Z,Wisbech,2.31,clear sky
2025-12-26T01:45:38.441Z,Wisbech,2.31,clear sky
2025-12-26T03:25:17.412Z,Wisbech,2.5,clear sky
2025-12-26T03:25:17.414Z,Wisbech,2.5,clear sky
2025-12-26T04:35:03.143Z,Wisbech,2.51,clear sky
2025-12-26T04:35:03.145Z,Wisbech,2.51,clear sky
2025-12-26T06:34:01.055Z,Wisbech,2.51,clear sky
2025-12-26T06:34:01.057Z,Wisbech,2.51,clear sky
2025-12-26T08:29:23.546Z,Wisbech,2.31,clear sky
2025-12-26T08:29:23.548Z,Wisbech,2.31,clear sky
2025-12-26T10:23:02.181Z,Wisbech,4.99,clear sky
2025-12-26T10:23:02.183Z,Wisbech,4.99,clear sky
2025-12-26T12:43:08.259Z,Wisbech,6.88,clear sky
2025-12-26T12:43:08.261Z,Wisbech,6.88,clear sky
2025-12-26T14:20:52.608Z,Wisbech,6.71,clear sky
2025-12-26T14:20:52.609Z,Wisbech,6.71,clear sky
2025-12-26T16:25:50.875Z,Wisbech,4.89,clear sky
2025-12-26T16:25:50.877Z,Wisbech,4.89,clear sky
2025-12-26T18:31:00.407Z,Wisbech,4.39,clear sky
2025-12-26T18:31:00.409Z,Wisbech,4.39,clear sky
2025-12-26T20:22:56.550Z,Wisbech,5.59,clear sky
2025-12-26T20:22:56.554Z,Wisbech,5.59,clear sky
2025-12-26T22:20:22.470Z,Wisbech,3.42,clear sky
2025-12-26T22:20:22.471Z,Wisbech,3.42,clear sky
2025-12-27T01:43:21.455Z,Wisbech,3.22,clear sky
2025-12-27T01:43:21.457Z,Wisbech,3.22,clear sky
2025-12-27T03:23:31.455Z,Wisbech,1.79,clear sky
2025-12-27T03:23:31.472Z,Wisbech,1.79,clear sky
2025-12-27T04:33:02.850Z,Wisbech,1.67,clear sky
2025-12-27T04:33:02.852Z,Wisbech,1.67,clear sky
2025-12-27T06:32:15.145Z,Wisbech,1.54,clear sky
2025-12-27T06:32:15.155Z,Wisbech,1.54,clear sky
2025-12-27T08:28:04.983Z,Wisbech,3.69,clear sky
2025-12-27T08:28:04.985Z,Wisbech,3.69,clear sky
2025-12-27T10:21:15.992Z,Wisbech,6.04,clear sky
2025-12-27T10:21:15.994Z,Wisbech,6.04,clear sky
2025-12-27T12:41:19.800Z,Wisbech,6.83,scattered clouds
2025-12-27T12:41:19.802Z,Wisbech,6.83,scattered clouds
2025-12-27T14:19:02.704Z,Wisbech,7.14,scattered clouds
2025-12-27T14:19:02.707Z,Wisbech,7.14,scattered clouds
2025-12-27T16:25:22.416Z,Wisbech,6.77,broken clouds
2025-12-27T16:25:22.418Z,Wisbech,6.77,broken clouds
2025-12-27T18:29:37.949Z,Wisbech,6.83,broken clouds
2025-12-27T18:29:37.950Z,Wisbech,6.83,broken clouds
2025-12-27T20:23:09.738Z,Wisbech,6.64,overcast clouds
2025-12-27T20:23:09.745Z,Wisbech,6.64,overcast clouds
2025-12-27T22:20:01.064Z,Wisbech,6.83,overcast clouds
2025-12-27T22:20:01.067Z,Wisbech,6.83,overcast clouds
2025-12-28T01:56:19.291Z,Wisbech,6.62,scattered clouds
2025-12-28T01:56:19.292Z,Wisbech,6.62,scattered clouds
2025-12-28T03:50:21.782Z,Wisbech,6.64,broken clouds
2025-12-28T03:50:21.784Z,Wisbech,6.64,broken clouds
2025-12-28T04:45:34.755Z,Wisbech,6.65,broken clouds
2025-12-28T04:45:34.758Z,Wisbech,6.65,broken clouds
2025-12-28T06:33:01.678Z,Wisbech,6.17,overcast clouds
2025-12-28T06:33:01.680Z,Wisbech,6.17,overcast clouds
2025-12-28T08:28:19.113Z,Wisbech,6.17,overcast clouds
2025-12-28T08:28:19.115Z,Wisbech,6.17,overcast clouds
2025-12-28T10:21:33.679Z,Wisbech,6.66,overcast clouds
2025-12-28T10:21:33.680Z,Wisbech,6.66,overcast clouds
2025-12-28T12:41:36.691Z,Wisbech,6.95,overcast clouds
2025-12-28T12:41:36.694Z,Wisbech,6.95,overcast clouds
2025-12-28T14:20:06.650Z,Wisbech,6.76,overcast clouds
2025-12-28T14:20:06.652Z,Wisbech,6.76,overcast clouds
2025-12-28T16:25:54.414Z,Wisbech,6.18,overcast clouds
2025-12-28T16:25:54.417Z,Wisbech,6.18,overcast clouds
2025-12-28T18:30:38.885Z,Wisbech,6.01,overcast clouds
2025-12-28T18:30:38.887Z,Wisbech,6.01,overcast clouds
2025-12-28T20:24:12.069Z,Wisbech,5.89,overcast clouds
2025-12-28T20:24:12.072Z,Wisbech,5.89,overcast clouds
2025-12-28T22:20:25.669Z,Wisbech,5.88,overcast clouds
2025-12-28T22:20:25.674Z,Wisbech,5.88,overcast clouds
2025-12-29T01:54:29.854Z,Wisbech,5.57,overcast clouds
2025-12-29T01:54:29.855Z,Wisbech,5.57,overcast clouds
2025-12-29T03:50:26.536Z,Wisbech,5.58,overcast clouds
2025-12-29T03:50:26.538Z,Wisbech,5.58,overcast clouds
2025-12-29T04:50:37.126Z,Wisbech,5.76,overcast clouds
2025-12-29T04:50:37.128Z,Wisbech,5.76,overcast clouds
2025-12-29T06:36:55.603Z,Wisbech,5.76,overcast clouds
2025-12-29T06:36:55.605Z,Wisbech,5.76,overcast clouds
2025-12-29T08:33:21.541Z,Wisbech,5.76,overcast clouds
2025-12-29T08:33:21.543Z,Wisbech,5.76,overcast clouds
2025-12-29T10:25:25.506Z,Wisbech,6.2,overcast clouds
2025-12-29T10:25:25.507Z,Wisbech,6.2,overcast clouds
2025-12-29T12:47:42.497Z,Wisbech,6.91,overcast clouds
2025-12-29T12:47:42.499Z,Wisbech,6.91,overcast clouds
2025-12-29T14:23:00.148Z,Wisbech,6.91,overcast clouds
2025-12-29T14:23:00.150Z,Wisbech,6.91,overcast clouds
2025-12-29T16:27:35.919Z,Wisbech,6.77,overcast clouds
2025-12-29T16:27:35.921Z,Wisbech,6.77,overcast clouds
2025-12-29T18:32:15.073Z,Wisbech,6,overcast clouds
2025-12-29T18:32:15.075Z,Wisbech,6,overcast clouds
2025-12-29T20:25:23.022Z,Wisbech,5.48,overcast clouds
2025-12-29T20:25:23.024Z,Wisbech,5.48,overcast clouds
2025-12-29T22:20:36.453Z,Wisbech,4.48,overcast clouds
2025-12-29T22:20:36.454Z,Wisbech,4.48,overcast clouds
2025-12-30T01:46:41.134Z,Wisbech,4,overcast clouds
2025-12-30T01:46:41.136Z,Wisbech,4,overcast clouds
2025-12-30T03:29:17.320Z,Wisbech,4,overcast clouds
2025-12-30T03:29:17.322Z,Wisbech,4,overcast clouds
2025-12-30T04:39:35.682Z,Wisbech,3.34,light rain
2025-12-30T04:39:35.684Z,Wisbech,3.34,light rain
2025-12-30T06:34:49.233Z,Wisbech,3.54,overcast clouds
2025-12-30T06:34:49.235Z,Wisbech,3.54,overcast clouds
2025-12-30T08:30:34.044Z,Wisbech,3.69,overcast clouds
2025-12-30T08:30:34.046Z,Wisbech,3.69,overcast clouds
2025-12-30T10:24:55.070Z,Wisbech,4.81,overcast clouds
2025-12-30T10:24:55.072Z,Wisbech,4.81,overcast clouds
2025-12-30T12:46:08.447Z,Wisbech,5.95,overcast clouds
2025-12-30T12:46:08.449Z,Wisbech,5.95,overcast clouds
2025-12-30T14:21:52.496Z,Wisbech,5,overcast clouds
2025-12-30T14:21:52.497Z,Wisbech,5,overcast clouds
2025-12-30T16:28:57.461Z,Wisbech,4.04,overcast clouds
2025-12-30T16:28:57.462Z,Wisbech,4.04,overcast clouds
2025-12-30T18:33:09.011Z,Wisbech,2.61,overcast clouds
2025-12-30T18:33:09.013Z,Wisbech,2.61,overcast clouds
2025-12-30T20:24:52.730Z,Wisbech,1.07,broken clouds
2025-12-30T20:24:52.732Z,Wisbech,1.07,broken clouds
2025-12-30T22:21:01.904Z,Wisbech,0.75,scattered clouds
2025-12-30T22:21:01.906Z,Wisbech,0.75,scattered clouds
2025-12-31T01:47:14.613Z,Wisbech,0.27,overcast clouds
2025-12-31T01:47:14.615Z,Wisbech,0.27,overcast clouds
2025-12-31T03:27:35.252Z,Wisbech,1.17,overcast clouds
2025-12-31T03:27:35.254Z,Wisbech,1.17,overcast clouds
2025-12-31T04:38:32.836Z,Wisbech,1.17,overcast clouds
2025-12-31T04:38:32.837Z,Wisbech,1.17,overcast clouds
2025-12-31T06:35:14.413Z,Wisbech,0.14,clear sky
2025-12-31T06:35:14.415Z,Wisbech,0.14,clear sky
2025-12-31T08:30:49.899Z,Wisbech,-0.62,clear sky
2025-12-31T08:30:49.901Z,Wisbech,-0.62,clear sky
2025-12-31T10:23:23.418Z,Wisbech,1.08,clear sky
2025-12-31T10:23:23.420Z,Wisbech,1.08,clear sky
2025-12-31T12:44:41.016Z,Wisbech,3.38,clear sky
2025-12-31T12:44:41.018Z,Wisbech,3.38,clear sky
2025-12-31T14:20:42.043Z,Wisbech,4.06,clear sky
2025-12-31T14:20:42.044Z,Wisbech,4.06,clear sky
2025-12-31T16:27:51.713Z,Wisbech,2.25,few clouds
2025-12-31T16:27:51.715Z,Wisbech,2.25,few clouds
2025-12-31T18:31:35.730Z,Wisbech,1.81,few clouds
2025-12-31T18:31:35.732Z,Wisbech,1.81,few clouds
2025-12-31T20:23:39.450Z,Wisbech,1.54,few clouds
2025-12-31T20:23:39.452Z,Wisbech,1.54,few clouds
2025-12-31T22:21:13.660Z,Wisbech,1.22,few clouds
2025-12-31T22:21:13.661Z,Wisbech,1.22,few clouds
2026-01-01T01:57:16.416Z,Wisbech,2.1,overcast clouds
2026-01-01T01:57:16.418Z,Wisbech,2.1,overcast clouds
2026-01-01T03:54:30.363Z,Wisbech,2.1,overcast clouds
2026-01-01T03:54:30.365Z,Wisbech,2.1,overcast clouds
2026-01-01T04:49:22.768Z,Wisbech,2.28,overcast clouds
2026-01-01T04:49:22.770Z,Wisbech,2.28,overcast clouds
2026-01-01T06:35:01.702Z,Wisbech,2.58,overcast clouds
2026-01-01T06:35:01.704Z,Wisbech,2.58,overcast clouds
2026-01-01T08:30:47.074Z,Wisbech,3.16,overcast clouds
2026-01-01T08:30:47.076Z,Wisbech,3.16,overcast clouds
2026-01-01T10:24:09.503Z,Wisbech,4.21,overcast clouds
2026-01-01T10:24:09.505Z,Wisbech,4.21,overcast clouds
2026-01-01T12:44:32.912Z,Wisbech,5.43,overcast clouds
2026-01-01T12:44:32.914Z,Wisbech,5.43,overcast clouds
2026-01-01T14:20:45.291Z,Wisbech,5.24,overcast clouds
2026-01-01T14:20:45.294Z,Wisbech,5.24,overcast clouds
2026-01-01T16:28:13.902Z,Wisbech,4.55,overcast clouds
2026-01-01T16:28:13.904Z,Wisbech,4.55,overcast clouds
2026-01-01T18:31:45.925Z,Wisbech,3.13,overcast clouds
2026-01-01T18:31:45.937Z,Wisbech,3.13,overcast clouds
2026-01-01T20:25:07.814Z,Wisbech,2.57,overcast clouds
2026-01-01T20:25:07.816Z,Wisbech,2.57,overcast clouds
2026-01-01T22:21:10.367Z,Wisbech,3.19,overcast clouds
2026-01-01T22:21:10.390Z,Wisbech,3.19,overcast clouds
2026-01-02T01:48:17.057Z,Wisbech,1.31,clear sky
2026-01-02T01:48:17.059Z,Wisbech,1.31,clear sky
2026-01-02T03:40:53.508Z,Wisbech,1.61,clear sky
2026-01-02T03:40:53.510Z,Wisbech,1.61,clear sky
2026-01-02T04:41:45.876Z,Wisbech,1.43,clear sky
2026-01-02T04:41:45.877Z,Wisbech,1.43,clear sky
2026-01-02T06:35:23.434Z,Wisbech,0.25,clear sky
2026-01-02T06:35:23.436Z,Wisbech,0.25,clear sky
2026-01-02T08:31:09.664Z,Wisbech,0.12,clear sky
2026-01-02T08:31:09.666Z,Wisbech,0.12,clear sky
2026-01-02T10:22:38.385Z,Wisbech,1.08,clear sky
2026-01-02T10:22:38.387Z,Wisbech,1.08,clear sky
2026-01-02T12:42:50.174Z,Wisbech,2.99,clear sky
2026-01-02T12:42:50.176Z,Wisbech,2.99,clear sky
2026-01-02T14:21:42.700Z,Wisbech,2.91,clear sky
2026-01-02T14:21:42.702Z,Wisbech,2.91,clear sky
2026-01-02T16:27:10.491Z,Wisbech,1.27,scattered clouds
2026-01-02T16:27:10.493Z,Wisbech,1.27,scattered clouds
2026-01-02T18:31:51.575Z,Wisbech,0.76,clear sky
2026-01-02T18:31:51.576Z,Wisbech,0.76,clear sky
2026-01-02T20:23:25.639Z,Wisbech,-0.19,clear sky
2026-01-02T20:23:25.641Z,Wisbech,-0.19,clear sky
2026-01-02T22:21:21.297Z,Wisbech,-1.15,clear sky
2026-01-02T22:21:21.298Z,Wisbech,-1.15,clear sky
2026-01-03T01:42:34.623Z,Wisbech,-0.46,broken clouds
2026-01-03T01:42:34.624Z,Wisbech,-0.46,broken clouds
2026-01-03T03:22:45.189Z,Wisbech,-0.63,broken clouds
2026-01-03T03:22:45.203Z,Wisbech,-0.63,broken clouds
2026-01-03T04:32:54.343Z,Wisbech,-0.94,broken clouds
2026-01-03T04:32:54.344Z,Wisbech,-0.94,broken clouds
2026-01-03T06:32:17.067Z,Wisbech,-1.07,broken clouds
2026-01-03T06:32:17.069Z,Wisbech,-1.25,clear sky
2026-01-03T08:28:07.976Z,Wisbech,-1.06,light snow
2026-01-03T08:28:07.977Z,Wisbech,-1.06,light snow
2026-01-03T10:21:33.094Z,Wisbech,-0.32,scattered clouds
2026-01-03T10:21:33.096Z,Wisbech,-0.32,scattered clouds
2026-01-03T12:41:24.461Z,Wisbech,1.92,overcast clouds
2026-01-03T12:41:24.463Z,Wisbech,1.92,overcast clouds
2026-01-03T14:19:56.423Z,Wisbech,2.26,overcast clouds
2026-01-03T14:19:56.424Z,Wisbech,2.26,overcast clouds
2026-01-03T16:26:23.771Z,Wisbech,1.18,broken clouds
2026-01-03T16:26:23.773Z,Wisbech,1.18,broken clouds
2026-01-03T18:30:01.198Z,Wisbech,0.14,clear sky
2026-01-03T18:30:01.200Z,Wisbech,0.14,clear sky
2026-01-03T20:23:45.783Z,Wisbech,-0.75,clear sky
2026-01-03T20:23:45.789Z,Wisbech,-0.75,clear sky
2026-01-03T22:20:09.914Z,Wisbech,-0.94,clear sky
2026-01-03T22:20:09.916Z,Wisbech,-0.94,clear sky
2026-01-04T01:57:39.263Z,Wisbech,-1.67,clear sky
2026-01-04T01:57:39.265Z,Wisbech,-1.67,clear sky
2026-01-04T03:55:48.336Z,Wisbech,-2.18,clear sky
2026-01-04T03:55:48.338Z,Wisbech,-2.18,clear sky
2026-01-04T04:50:44.138Z,Wisbech,-2.41,clear sky
2026-01-04T04:50:44.151Z,Wisbech,-2.41,clear sky
2026-01-04T06:33:21.973Z,Wisbech,-2.78,clear sky
2026-01-04T06:33:21.975Z,Wisbech,-2.78,clear sky
2026-01-04T08:28:42.815Z,Wisbech,-2.97,clear sky
2026-01-04T08:28:42.817Z,Wisbech,-2.97,clear sky
2026-01-04T10:21:09.941Z,Wisbech,-1.3,clear sky
2026-01-04T10:21:09.943Z,Wisbech,-1.3,clear sky
2026-01-04T12:42:03.333Z,Wisbech,2,clear sky
2026-01-04T12:42:03.335Z,Wisbech,2,clear sky
2026-01-04T14:19:25.594Z,Wisbech,2.44,scattered clouds
2026-01-04T14:19:25.596Z,Wisbech,2.44,scattered clouds
2026-01-04T16:25:56.431Z,Wisbech,0.25,broken clouds
2026-01-04T16:25:56.434Z,Wisbech,0.25,broken clouds
2026-01-04T18:30:19.509Z,Wisbech,-0.6,overcast clouds
2026-01-04T18:30:19.511Z,Wisbech,-0.6,overcast clouds
2026-01-04T20:24:04.170Z,Wisbech,-0.6,overcast clouds
2026-01-04T20:24:04.172Z,Wisbech,-0.6,overcast clouds
2026-01-04T22:20:31.520Z,Wisbech,-1.37,broken clouds
2026-01-04T22:20:31.522Z,Wisbech,-1.37,broken clouds
2026-01-05T01:57:35.125Z,Wisbech,-0.45,light snow
2026-01-05T01:57:35.127Z,Wisbech,-0.45,light snow
2026-01-05T04:00:17.573Z,Wisbech,-2.61,overcast clouds
2026-01-05T04:00:17.575Z,Wisbech,-2.61,overcast clouds
2026-01-05T06:40:03.928Z,Wisbech,-4.56,clear sky
2026-01-05T06:40:03.930Z,Wisbech,-4.56,clear sky
2026-01-05T08:35:05.878Z,Wisbech,-4.56,clear sky
2026-01-05T08:35:05.880Z,Wisbech,-4.56,clear sky
2026-01-05T10:26:33.903Z,Wisbech,-2.29,clear sky
2026-01-05T10:26:33.905Z,Wisbech,-2.29,clear sky
2026-01-05T12:50:03.205Z,Wisbech,0.24,few clouds
2026-01-05T12:50:03.218Z,Wisbech,0.24,few clouds
2026-01-05T14:25:42.010Z,Wisbech,1.13,light snow
2026-01-05T14:25:42.012Z,Wisbech,1.13,light snow
2026-01-05T16:28:20.785Z,Wisbech,0.64,broken clouds
2026-01-05T16:28:20.787Z,Wisbech,0.64,broken clouds
2026-01-05T18:34:13.854Z,Wisbech,-1.63,few clouds
2026-01-05T18:34:13.855Z,Wisbech,-1.63,few clouds
2026-01-05T20:26:59.479Z,Wisbech,-2.39,few clouds
2026-01-05T20:26:59.481Z,Wisbech,-2.39,few clouds
2026-01-05T22:21:56.323Z,Wisbech,-2.6,few clouds
2026-01-05T22:21:56.325Z,Wisbech,-2.6,few clouds
2026-01-06T01:48:47.903Z,Wisbech,-4.37,few clouds
2026-01-06T01:48:47.905Z,Wisbech,-4.37,few clouds
2026-01-06T03:39:12.687Z,Wisbech,-3.88,few clouds
2026-01-06T03:39:12.694Z,Wisbech,-3.88,few clouds
2026-01-06T04:40:14.112Z,Wisbech,-3.88,few clouds
2026-01-06T04:40:14.114Z,Wisbech,-3.88,few clouds
2026-01-06T06:36:19.371Z,Wisbech,-4.56,scattered clouds
2026-01-06T06:36:19.374Z,Wisbech,-4.56,scattered clouds
2026-01-06T08:33:02.115Z,Wisbech,-10.88,scattered clouds
2026-01-06T08:33:02.117Z,Wisbech,-10.88,scattered clouds
2026-01-06T10:25:19.460Z,Wisbech,-2.7,broken clouds
2026-01-06T10:25:19.463Z,Wisbech,-2.7,broken clouds
2026-01-06T12:47:15.102Z,Wisbech,0.39,overcast clouds
2026-01-06T12:47:15.104Z,Wisbech,0.39,overcast clouds
2026-01-06T14:24:08.795Z,Wisbech,1.37,overcast clouds
2026-01-06T14:24:08.796Z,Wisbech,1.37,overcast clouds
2026-01-06T16:30:42.293Z,Wisbech,1.01,overcast clouds
2026-01-06T16:30:42.294Z,Wisbech,1.01,overcast clouds
2026-01-06T18:33:23.969Z,Wisbech,1.35,snow
2026-01-06T18:33:23.971Z,Wisbech,1.35,snow
2026-01-06T20:25:13.676Z,Wisbech,2.38,overcast clouds
2026-01-06T20:25:13.678Z,Wisbech,2.38,overcast clouds
2026-01-06T22:22:17.430Z,Wisbech,2.99,overcast clouds
2026-01-06T22:22:17.432Z,Wisbech,2.99,overcast clouds
2026-01-07T01:48:08.339Z,Wisbech,3.29,overcast clouds
2026-01-07T01:48:08.341Z,Wisbech,3.29,overcast clouds
2026-01-07T03:39:37.922Z,Wisbech,2.65,broken clouds
2026-01-07T03:39:37.924Z,Wisbech,2.65,broken clouds
2026-01-07T04:41:08.602Z,Wisbech,2.38,broken clouds
2026-01-07T04:41:08.604Z,Wisbech,2.38,broken clouds
2026-01-07T06:35:42.839Z,Wisbech,2.55,overcast clouds
2026-01-07T06:35:42.841Z,Wisbech,2.55,overcast clouds
2026-01-07T08:32:41.939Z,Wisbech,2.55,scattered clouds
2026-01-07T08:32:41.941Z,Wisbech,2.55,scattered clouds
2026-01-07T10:26:04.788Z,Wisbech,3.63,scattered clouds
2026-01-07T10:26:04.790Z,Wisbech,3.63,scattered clouds
2026-01-07T12:48:28.589Z,Wisbech,5.52,clear sky
2026-01-07T12:48:28.591Z,Wisbech,5.52,clear sky
2026-01-07T14:25:09.900Z,Wisbech,5.62,few clouds
2026-01-07T14:25:09.902Z,Wisbech,5.62,few clouds
2026-01-07T16:31:48.522Z,Wisbech,3.41,scattered clouds
2026-01-07T16:31:48.523Z,Wisbech,3.41,scattered clouds
2026-01-07T18:35:05.014Z,Wisbech,2.1,overcast clouds
2026-01-07T18:35:05.015Z,Wisbech,2.1,overcast clouds
2026-01-07T20:27:01.832Z,Wisbech,2.07,overcast clouds
2026-01-07T20:27:01.833Z,Wisbech,2.07,overcast clouds
2026-01-07T22:21:44.126Z,Wisbech,1.31,overcast clouds
2026-01-07T22:21:44.129Z,Wisbech,1.31,overcast clouds
2026-01-08T01:48:42.469Z,Wisbech,0.46,overcast clouds
2026-01-08T01:48:42.471Z,Wisbech,0.46,overcast clouds
2026-01-08T03:39:54.385Z,Wisbech,1.48,overcast clouds
2026-01-08T03:39:54.387Z,Wisbech,1.48,overcast clouds
2026-01-08T04:40:04.418Z,Wisbech,1.26,overcast clouds
2026-01-08T04:40:04.419Z,Wisbech,1.26,overcast clouds
2026-01-08T06:35:57.873Z,Wisbech,1.25,overcast clouds
2026-01-08T06:35:57.875Z,Wisbech,1.25,overcast clouds
2026-01-08T08:32:33.042Z,Wisbech,0.51,overcast clouds
2026-01-08T08:32:33.045Z,Wisbech,0.51,overcast clouds
2026-01-08T10:25:58.112Z,Wisbech,0.8,overcast clouds
2026-01-08T10:25:58.114Z,Wisbech,0.8,overcast clouds
2026-01-08T12:48:38.114Z,Wisbech,2.12,overcast clouds
2026-01-08T12:48:38.117Z,Wisbech,2.12,overcast clouds
2026-01-08T14:26:23.165Z,Wisbech,2.35,overcast clouds
2026-01-08T14:26:23.167Z,Wisbech,2.35,overcast clouds
2026-01-08T16:31:44.239Z,Wisbech,2.21,overcast clouds
2026-01-08T16:31:44.241Z,Wisbech,2.21,overcast clouds
2026-01-08T18:30:09.986Z,Wisbech,2.2,light rain
2026-01-08T18:30:09.988Z,Wisbech,2.2,light rain
2026-01-08T20:26:50.624Z,Wisbech,3.17,moderate rain
2026-01-08T20:26:50.626Z,Wisbech,3.17,moderate rain
2026-01-08T22:22:11.793Z,Wisbech,3.65,light rain
2026-01-08T22:22:11.795Z,Wisbech,3.65,light rain
2026-01-09T01:49:11.360Z,Wisbech,3.16,overcast clouds
2026-01-09T01:49:11.362Z,Wisbech,3.16,overcast clouds
2026-01-09T03:40:31.835Z,Wisbech,3.64,overcast clouds
2026-01-09T03:40:31.838Z,Wisbech,3.64,overcast clouds
2026-01-09T04:40:59.232Z,Wisbech,3.61,overcast clouds
2026-01-09T04:40:59.239Z,Wisbech,3.61,overcast clouds
2026-01-09T06:35:52.367Z,Wisbech,3.1,overcast clouds
2026-01-09T06:35:52.368Z,Wisbech,3.1,overcast clouds
2026-01-09T08:32:29.115Z,Wisbech,2.99,light rain
2026-01-09T08:32:29.117Z,Wisbech,2.99,light rain
2026-01-09T10:24:44.893Z,Wisbech,3.74,light rain
2026-01-09T10:24:44.895Z,Wisbech,3.74,light rain
2026-01-09T12:47:19.886Z,Wisbech,3.88,light rain
2026-01-09T12:47:19.901Z,Wisbech,3.88,light rain
2026-01-09T14:25:19.997Z,Wisbech,3.85,light rain
2026-01-09T14:25:19.999Z,Wisbech,3.85,light rain
2026-01-09T16:29:33.302Z,Wisbech,3.13,light rain
2026-01-09T16:29:33.304Z,Wisbech,3.13,light rain
2026-01-09T18:33:54.928Z,Wisbech,2.39,light rain
2026-01-09T18:33:54.933Z,Wisbech,2.39,light rain
2026-01-09T20:26:13.093Z,Wisbech,2.24,overcast clouds
2026-01-09T20:26:13.094Z,Wisbech,2.24,overcast clouds
2026-01-09T22:21:57.983Z,Wisbech,1.77,light snow
2026-01-09T22:21:57.988Z,Wisbech,1.77,light snow
2026-01-10T01:45:39.876Z,Wisbech,1.02,light snow
2026-01-10T01:45:39.879Z,Wisbech,1.02,light snow
2026-01-10T03:25:01.377Z,Wisbech,0.91,overcast clouds
2026-01-10T03:25:01.379Z,Wisbech,0.91,overcast clouds
2026-01-10T04:34:30.768Z,Wisbech,0.27,light snow
2026-01-10T04:34:30.770Z,Wisbech,0.28,light snow
2026-01-10T06:32:04.834Z,Wisbech,0.17,light snow
2026-01-10T06:32:04.845Z,Wisbech,0.17,light snow
2026-01-10T08:28:11.288Z,Wisbech,0.17,light snow
2026-01-10T08:28:11.289Z,Wisbech,0.17,light snow
2026-01-10T10:21:10.218Z,Wisbech,0.92,overcast clouds
2026-01-10T10:21:10.220Z,Wisbech,0.92,overcast clouds
2026-01-10T12:41:26.815Z,Wisbech,1.66,overcast clouds
2026-01-10T12:41:26.817Z,Wisbech,1.66,overcast clouds
2026-01-10T14:19:50.774Z,Wisbech,2.49,broken clouds
2026-01-10T14:19:50.781Z,Wisbech,2.49,broken clouds
2026-01-10T16:25:57.641Z,Wisbech,1.02,broken clouds
2026-01-10T16:25:57.643Z,Wisbech,1.02,broken clouds
2026-01-10T18:30:21.859Z,Wisbech,-0.5,overcast clouds
2026-01-10T18:30:21.862Z,Wisbech,-0.5,overcast clouds
2026-01-10T20:23:41.257Z,Wisbech,-1.5,overcast clouds
2026-01-10T20:23:41.259Z,Wisbech,-1.5,overcast clouds
2026-01-10T22:20:21.655Z,Wisbech,-2,overcast clouds
2026-01-10T22:20:21.658Z,Wisbech,-2,overcast clouds
2026-01-11T01:57:32.278Z,Wisbech,-1.14,overcast clouds
2026-01-11T01:57:32.280Z,Wisbech,-1.14,overcast clouds
2026-01-11T03:54:32.052Z,Wisbech,-1.72,overcast clouds
2026-01-11T03:54:32.054Z,Wisbech,-1.72,overcast clouds
2026-01-11T04:49:07.593Z,Wisbech,-1.26,overcast clouds
2026-01-11T04:49:07.595Z,Wisbech,-1.26,overcast clouds
2026-01-11T06:33:48.037Z,Wisbech,-0.79,overcast clouds
2026-01-11T06:33:48.039Z,Wisbech,-0.79,overcast clouds
2026-01-11T08:28:22.063Z,Wisbech,0.09,overcast clouds
2026-01-11T08:28:22.065Z,Wisbech,0.09,overcast clouds
2026-01-11T10:22:18.439Z,Wisbech,0.85,light snow
2026-01-11T10:22:18.441Z,Wisbech,0.85,light snow
2026-01-11T12:42:31.715Z,Wisbech,3.36,overcast clouds
2026-01-11T12:42:31.724Z,Wisbech,3.36,overcast clouds
2026-01-11T14:19:56.172Z,Wisbech,4.32,overcast clouds
2026-01-11T14:19:56.174Z,Wisbech,4.32,overcast clouds
2026-01-11T16:26:02.699Z,Wisbech,5.14,overcast clouds
2026-01-11T16:26:02.701Z,Wisbech,5.14,overcast clouds
2026-01-11T18:30:26.507Z,Wisbech,5.82,light rain
2026-01-11T18:30:26.509Z,Wisbech,5.82,light rain
2026-01-11T20:24:09.473Z,Wisbech,7.04,overcast clouds
2026-01-11T20:24:09.474Z,Wisbech,7.04,overcast clouds
2026-01-11T22:20:37.470Z,Wisbech,7.87,overcast clouds
2026-01-11T22:20:37.472Z,Wisbech,7.87,overcast clouds
2026-01-12T01:54:04.154Z,Wisbech,7.95,overcast clouds
2026-01-12T01:54:04.157Z,Wisbech,7.95,overcast clouds
2026-01-12T03:50:28.239Z,Wisbech,8.9,overcast clouds
2026-01-12T03:50:28.241Z,Wisbech,8.9,overcast clouds
2026-01-12T04:51:44.760Z,Wisbech,8.9,overcast clouds
2026-01-12T04:51:44.762Z,Wisbech,8.9,overcast clouds
2026-01-12T06:38:38.202Z,Wisbech,8.17,overcast clouds
2026-01-12T06:38:38.204Z,Wisbech,8.17,overcast clouds
2026-01-12T08:34:17.040Z,Wisbech,8.03,overcast clouds
2026-01-12T08:34:17.042Z,Wisbech,8.03,overcast clouds
2026-01-12T10:26:54.768Z,Wisbech,9.35,overcast clouds
2026-01-12T10:26:54.770Z,Wisbech,9.35,overcast clouds
2026-01-12T12:50:25.333Z,Wisbech,10.46,overcast clouds
2026-01-12T12:50:25.335Z,Wisbech,10.46,overcast clouds
2026-01-12T14:26:50.324Z,Wisbech,11.07,overcast clouds
2026-01-12T14:26:50.326Z,Wisbech,11.07,overcast clouds
2026-01-12T16:28:34.478Z,Wisbech,10.01,overcast clouds
2026-01-12T16:28:34.480Z,Wisbech,10.01,overcast clouds
2026-01-12T18:34:34.086Z,Wisbech,9.54,scattered clouds
2026-01-12T18:34:34.089Z,Wisbech,9.1,scattered clouds
2026-01-12T20:26:40.260Z,Wisbech,8.36,broken clouds
2026-01-12T20:26:40.262Z,Wisbech,8.36,broken clouds
2026-01-12T22:20:06.709Z,Wisbech,7.72,broken clouds
2026-01-12T22:20:06.711Z,Wisbech,7.72,broken clouds
2026-01-13T01:45:51.207Z,Wisbech,6.89,clear sky
2026-01-13T01:45:51.209Z,Wisbech,6.89,clear sky
2026-01-13T03:38:30.994Z,Wisbech,7.24,broken clouds
2026-01-13T03:38:30.996Z,Wisbech,7.24,broken clouds
2026-01-13T04:40:46.237Z,Wisbech,7.26,broken clouds
2026-01-13T04:40:46.239Z,Wisbech,7.26,broken clouds
2026-01-13T06:35:59.415Z,Wisbech,6.49,overcast clouds
2026-01-13T06:35:59.417Z,Wisbech,7.3,overcast clouds
2026-01-13T08:32:30.634Z,Wisbech,8.1,overcast clouds
2026-01-13T08:32:30.636Z,Wisbech,8.1,overcast clouds
2026-01-13T10:25:52.246Z,Wisbech,9.14,overcast clouds
2026-01-13T10:25:52.249Z,Wisbech,9.14,overcast clouds
2026-01-13T12:50:16.950Z,Wisbech,9.37,overcast clouds
2026-01-13T12:50:16.952Z,Wisbech,9.37,overcast clouds
2026-01-13T14:26:47.558Z,Wisbech,9.94,light rain
2026-01-13T14:26:47.560Z,Wisbech,9.94,light rain
2026-01-13T16:33:34.673Z,Wisbech,8.9,light rain
2026-01-13T16:33:34.675Z,Wisbech,8.9,light rain
2026-01-13T18:33:13.166Z,Wisbech,7.09,overcast clouds
2026-01-13T18:33:13.168Z,Wisbech,7.09,overcast clouds
2026-01-13T20:26:50.252Z,Wisbech,5.23,overcast clouds
2026-01-13T20:26:50.254Z,Wisbech,5.23,overcast clouds
2026-01-13T22:22:53.132Z,Wisbech,4.51,overcast clouds
2026-01-13T22:22:53.134Z,Wisbech,4.51,overcast clouds
2026-01-14T01:52:43.138Z,Wisbech,1.61,broken clouds
2026-01-14T01:52:43.142Z,Wisbech,1.61,broken clouds
2026-01-14T03:48:24.417Z,Wisbech,0,scattered clouds
2026-01-14T03:48:24.420Z,Wisbech,0,scattered clouds
2026-01-14T04:47:21.791Z,Wisbech,-0.26,few clouds
2026-01-14T04:47:21.793Z,Wisbech,-0.26,few clouds
2026-01-14T06:36:04.768Z,Wisbech,-0.04,clear sky
2026-01-14T06:36:04.770Z,Wisbech,-0.04,clear sky
2026-01-14T08:32:16.655Z,Wisbech,-0.25,clear sky
2026-01-14T08:32:16.657Z,Wisbech,-0.25,clear sky
2026-01-14T10:27:08.168Z,Wisbech,0.1,few clouds
2026-01-14T10:27:08.169Z,Wisbech,0.1,few clouds
2026-01-14T12:49:54.650Z,Wisbech,3.49,overcast clouds
2026-01-14T12:49:54.651Z,Wisbech,3.49,overcast clouds
2026-01-14T14:26:39.139Z,Wisbech,5.08,overcast clouds
2026-01-14T14:26:39.141Z,Wisbech,5.08,overcast clouds
2026-01-14T16:32:27.783Z,Wisbech,4.14,overcast clouds
2026-01-14T16:32:27.786Z,Wisbech,4.14,overcast clouds
2026-01-14T18:35:04.773Z,Wisbech,3.41,overcast clouds
2026-01-14T18:35:04.775Z,Wisbech,3.41,overcast clouds
2026-01-14T20:23:05.547Z,Wisbech,4.19,light rain
2026-01-14T20:23:05.549Z,Wisbech,4.19,light rain
2026-01-14T22:23:34.228Z,Wisbech,5.37,overcast clouds
2026-01-14T22:23:34.230Z,Wisbech,5.37,overcast clouds
2026-01-15T01:48:05.940Z,Wisbech,7.67,overcast clouds
2026-01-15T01:48:05.942Z,Wisbech,7.67,overcast clouds
2026-01-15T03:41:50.531Z,Wisbech,7.32,overcast clouds
2026-01-15T03:41:50.534Z,Wisbech,7.32,overcast clouds
2026-01-15T04:41:24.255Z,Wisbech,6.31,overcast clouds
2026-01-15T04:41:24.257Z,Wisbech,6.31,overcast clouds
2026-01-15T06:35:39.482Z,Wisbech,6.17,overcast clouds
2026-01-15T06:35:39.484Z,Wisbech,6.17,overcast clouds
2026-01-15T08:32:31.796Z,Wisbech,6.28,overcast clouds
2026-01-15T08:32:31.798Z,Wisbech,6.28,overcast clouds
2026-01-15T10:26:17.373Z,Wisbech,6.44,overcast clouds
2026-01-15T10:26:17.375Z,Wisbech,6.44,overcast clouds
2026-01-15T12:48:41.836Z,Wisbech,8.13,moderate rain
2026-01-15T12:48:41.842Z,Wisbech,8.13,moderate rain
2026-01-15T14:26:05.858Z,Wisbech,8.01,light rain
2026-01-15T14:26:05.860Z,Wisbech,8.01,light rain
2026-01-15T16:36:38.447Z,Wisbech,7.39,moderate rain
2026-01-15T16:36:38.451Z,Wisbech,7.39,moderate rain
2026-01-15T18:37:54.801Z,Wisbech,7.4,moderate rain
2026-01-15T18:37:54.803Z,Wisbech,7.4,moderate rain
2026-01-15T20:27:27.791Z,Wisbech,7.17,light rain
2026-01-15T20:27:27.793Z,Wisbech,7.17,light rain
2026-01-15T22:22:37.845Z,Wisbech,6.03,overcast clouds
2026-01-15T22:22:37.847Z,Wisbech,6.03,overcast clouds
2026-01-16T01:49:53.922Z,Wisbech,4.64,overcast clouds
2026-01-16T01:49:53.924Z,Wisbech,4.64,overcast clouds
2026-01-16T03:40:20.559Z,Wisbech,3.15,broken clouds
2026-01-16T03:40:20.561Z,Wisbech,3.15,broken clouds
2026-01-16T04:40:44.227Z,Wisbech,2.07,scattered clouds
2026-01-16T04:40:44.230Z,Wisbech,2.07,scattered clouds
2026-01-16T06:35:50.196Z,Wisbech,2.2,scattered clouds
2026-01-16T06:35:50.198Z,Wisbech,2.2,scattered clouds
2026-01-16T08:31:41.877Z,Wisbech,3.45,broken clouds
2026-01-16T08:31:41.879Z,Wisbech,3.45,broken clouds
2026-01-16T10:25:31.782Z,Wisbech,5.09,broken clouds
2026-01-16T10:25:31.784Z,Wisbech,5.09,broken clouds
2026-01-16T12:47:29.365Z,Wisbech,6.33,overcast clouds
2026-01-16T12:47:29.405Z,Wisbech,6.33,overcast clouds
2026-01-16T14:24:55.799Z,Wisbech,7.39,overcast clouds
2026-01-16T14:24:55.807Z,Wisbech,7.39,overcast clouds
2026-01-16T16:30:35.614Z,Wisbech,6.47,broken clouds
2026-01-16T16:30:35.616Z,Wisbech,6.47,broken clouds
2026-01-16T18:34:36.685Z,Wisbech,5.43,overcast clouds
2026-01-16T18:34:36.687Z,Wisbech,5.43,overcast clouds
2026-01-16T20:23:01.750Z,Wisbech,5.39,overcast clouds
2026-01-16T20:23:01.751Z,Wisbech,5.39,overcast clouds
2026-01-16T22:22:19.712Z,Wisbech,5.17,overcast clouds
2026-01-16T22:22:19.714Z,Wisbech,5.17,overcast clouds
2026-01-17T01:44:01.717Z,Wisbech,5.86,light rain
2026-01-17T01:44:01.719Z,Wisbech,5.86,light rain
2026-01-17T03:23:18.801Z,Wisbech,6.21,moderate rain
2026-01-17T03:23:18.803Z,Wisbech,6.21,moderate rain
2026-01-17T04:32:54.526Z,Wisbech,6.21,overcast clouds
2026-01-17T04:32:54.529Z,Wisbech,6.21,overcast clouds
2026-01-17T06:32:01.959Z,Wisbech,6.17,overcast clouds
2026-01-17T06:32:01.962Z,Wisbech,6.17,overcast clouds
2026-01-17T08:27:54.921Z,Wisbech,6.95,overcast clouds
2026-01-17T08:27:54.923Z,Wisbech,6.95,overcast clouds
2026-01-17T10:21:08.828Z,Wisbech,7.7,overcast clouds
2026-01-17T10:21:08.830Z,Wisbech,7.7,overcast clouds
2026-01-17T12:41:11.766Z,Wisbech,9.96,overcast clouds
2026-01-17T12:41:11.769Z,Wisbech,9.96,overcast clouds
2026-01-17T14:19:32.257Z,Wisbech,9.82,overcast clouds
2026-01-17T14:19:32.259Z,Wisbech,9.82,overcast clouds
2026-01-17T16:24:31.807Z,Wisbech,8.19,overcast clouds
2026-01-17T16:24:31.808Z,Wisbech,8.19,overcast clouds
2026-01-17T18:29:50.566Z,Wisbech,6.77,overcast clouds
2026-01-17T18:29:50.569Z,Wisbech,6.77,overcast clouds
2026-01-17T20:23:11.517Z,Wisbech,5.75,overcast clouds
2026-01-17T20:23:11.519Z,Wisbech,5.75,overcast clouds
2026-01-17T22:20:11.147Z,Wisbech,3.83,overcast clouds
2026-01-17T22:20:11.150Z,Wisbech,3.83,overcast clouds
2026-01-18T01:56:12.468Z,Wisbech,4.96,broken clouds
2026-01-18T01:56:12.478Z,Wisbech,4.96,broken clouds
2026-01-18T03:48:27.376Z,Wisbech,5.14,broken clouds
2026-01-18T03:48:27.378Z,Wisbech,5.14,broken clouds
2026-01-18T04:42:19.520Z,Wisbech,4.97,overcast clouds
2026-01-18T04:42:19.522Z,Wisbech,4.97,overcast clouds
2026-01-18T06:33:04.353Z,Wisbech,5.27,light rain
2026-01-18T06:33:04.368Z,Wisbech,5.27,light rain
2026-01-18T08:28:20.173Z,Wisbech,5.1,overcast clouds
2026-01-18T08:28:20.175Z,Wisbech,5.1,overcast clouds
2026-01-18T10:22:48.203Z,Wisbech,5.44,overcast clouds
2026-01-18T10:22:48.205Z,Wisbech,5.44,overcast clouds
2026-01-18T12:41:24.841Z,Wisbech,7.3,overcast clouds
2026-01-18T12:41:24.844Z,Wisbech,7.3,overcast clouds
2026-01-18T14:19:07.638Z,Wisbech,8.97,overcast clouds
2026-01-18T14:19:07.641Z,Wisbech,8.97,overcast clouds
2026-01-18T16:25:58.771Z,Wisbech,8.91,overcast clouds
2026-01-18T16:25:58.773Z,Wisbech,8.91,overcast clouds
2026-01-18T18:29:32.000Z,Wisbech,8.16,overcast clouds
2026-01-18T18:29:32.002Z,Wisbech,8.16,overcast clouds
2026-01-18T20:24:08.783Z,Wisbech,7.85,overcast clouds
2026-01-18T20:24:08.790Z,Wisbech,7.85,overcast clouds
2026-01-18T22:20:36.670Z,Wisbech,7.1,light rain
2026-01-18T22:20:36.672Z,Wisbech,7.1,light rain
2026-01-19T01:54:33.285Z,Wisbech,6.77,overcast clouds
2026-01-19T01:54:33.288Z,Wisbech,6.77,overcast clouds
2026-01-19T03:51:25.509Z,Wisbech,6.28,overcast clouds
2026-01-19T03:51:25.511Z,Wisbech,6.28,overcast clouds
2026-01-19T04:53:10.988Z,Wisbech,6.3,overcast clouds
2026-01-19T04:53:10.991Z,Wisbech,6.3,overcast clouds
2026-01-19T06:40:03.527Z,Wisbech,5.83,broken clouds
2026-01-19T06:40:03.529Z,Wisbech,5.83,broken clouds
2026-01-19T08:34:41.658Z,Wisbech,6.02,overcast clouds
2026-01-19T08:34:41.660Z,Wisbech,6.02,overcast clouds
2026-01-19T10:30:34.361Z,Wisbech,7.02,overcast clouds
2026-01-19T10:30:34.363Z,Wisbech,7.02,overcast clouds
2026-01-19T12:52:15.103Z,Wisbech,9.08,light rain
2026-01-19T12:52:15.105Z,Wisbech,9.08,light rain
2026-01-19T14:28:25.174Z,Wisbech,9.24,overcast clouds
2026-01-19T14:28:25.176Z,Wisbech,9.24,overcast clouds
2026-01-19T16:31:02.757Z,Wisbech,9.06,overcast clouds
2026-01-19T16:31:02.759Z,Wisbech,9.06,overcast clouds
2026-01-19T18:33:41.651Z,Wisbech,8.01,overcast clouds
2026-01-19T18:33:41.653Z,Wisbech,8.01,overcast clouds
2026-01-19T20:25:36.972Z,Wisbech,7.52,overcast clouds
2026-01-19T20:25:36.974Z,Wisbech,7.52,overcast clouds
2026-01-19T22:22:37.022Z,Wisbech,8.15,overcast clouds
2026-01-19T22:22:37.024Z,Wisbech,8.15,overcast clouds
2026-01-20T01:49:33.315Z,Wisbech,8.13,overcast clouds
2026-01-20T01:49:33.324Z,Wisbech,8.13,overcast clouds
2026-01-20T03:44:42.895Z,Wisbech,8.69,overcast clouds
2026-01-20T03:44:42.897Z,Wisbech,8.69,overcast clouds
2026-01-20T04:46:10.934Z,Wisbech,8.32,overcast clouds
2026-01-20T04:46:10.937Z,Wisbech,8.32,overcast clouds
2026-01-20T06:37:39.308Z,Wisbech,7.97,overcast clouds
2026-01-20T06:37:39.311Z,Wisbech,7.97,overcast clouds
2026-01-20T08:34:04.705Z,Wisbech,7.84,overcast clouds
2026-01-20T08:34:04.709Z,Wisbech,7.84,overcast clouds
2026-01-20T10:29:02.545Z,Wisbech,8.9,overcast clouds
2026-01-20T10:29:02.546Z,Wisbech,8.9,overcast clouds
2026-01-20T12:52:33.840Z,Wisbech,9.84,overcast clouds
2026-01-20T12:52:33.842Z,Wisbech,9.84,overcast clouds
2026-01-20T14:31:53.220Z,Wisbech,9.83,broken clouds
2026-01-20T14:31:53.222Z,Wisbech,9.83,broken clouds
2026-01-20T16:37:09.501Z,Wisbech,8.48,broken clouds
2026-01-20T16:37:09.503Z,Wisbech,8.48,broken clouds
2026-01-20T18:38:36.528Z,Wisbech,7.07,broken clouds
2026-01-20T18:38:36.531Z,Wisbech,7.07,broken clouds
2026-01-20T20:42:30.460Z,Wisbech,6.34,overcast clouds
2026-01-20T20:42:30.461Z,Wisbech,6.34,overcast clouds
2026-01-20T22:23:49.525Z,Wisbech,7.09,overcast clouds
2026-01-20T22:23:49.527Z,Wisbech,7.09,overcast clouds
2026-01-21T01:52:54.670Z,Wisbech,7.2,overcast clouds
2026-01-21T01:52:54.672Z,Wisbech,7.2,overcast clouds
2026-01-21T03:44:55.230Z,Wisbech,6.64,broken clouds
2026-01-21T03:44:55.232Z,Wisbech,6.64,broken clouds
2026-01-21T04:45:06.361Z,Wisbech,5.27,broken clouds
2026-01-21T04:45:06.363Z,Wisbech,5.27,broken clouds
2026-01-21T06:38:01.549Z,Wisbech,4.65,scattered clouds
2026-01-21T06:38:01.551Z,Wisbech,4.65,scattered clouds
2026-01-21T08:33:32.537Z,Wisbech,4.51,broken clouds
2026-01-21T08:33:32.539Z,Wisbech,4.51,broken clouds
2026-01-21T10:30:33.884Z,Wisbech,6.48,light rain
2026-01-21T10:30:33.886Z,Wisbech,6.48,light rain
2026-01-21T12:52:46.693Z,Wisbech,8.9,overcast clouds
2026-01-21T12:52:46.695Z,Wisbech,8.9,overcast clouds
2026-01-21T14:32:01.990Z,Wisbech,8.79,overcast clouds
2026-01-21T14:32:01.992Z,Wisbech,8.79,overcast clouds
2026-01-21T16:51:13.065Z,Wisbech,8.32,overcast clouds
2026-01-21T16:51:13.067Z,Wisbech,8.32,overcast clouds
2026-01-21T18:43:32.046Z,Wisbech,8.13,overcast clouds
2026-01-21T18:43:32.047Z,Wisbech,8.13,overcast clouds
2026-01-21T20:32:04.401Z,Wisbech,8.16,light rain
2026-01-21T20:32:04.403Z,Wisbech,8.16,light rain
2026-01-21T22:26:38.009Z,Wisbech,8.16,light rain
2026-01-21T22:26:38.011Z,Wisbech,8.16,light rain
2026-01-22T01:52:41.060Z,Wisbech,7.82,light rain
2026-01-22T01:52:41.063Z,Wisbech,7.82,light rain
2026-01-22T03:48:55.730Z,Wisbech,7.24,overcast clouds
2026-01-22T03:48:55.732Z,Wisbech,7.24,overcast clouds
2026-01-22T04:49:34.262Z,Wisbech,7.1,overcast clouds
2026-01-22T04:49:34.264Z,Wisbech,7.1,overcast clouds
2026-01-22T06:36:54.389Z,Wisbech,7.07,overcast clouds
2026-01-22T06:36:54.391Z,Wisbech,7.07,overcast clouds
2026-01-22T08:34:07.315Z,Wisbech,6.49,light rain
2026-01-22T08:34:07.341Z,Wisbech,6.49,light rain
2026-01-22T10:28:32.661Z,Wisbech,6.62,overcast clouds
2026-01-22T10:28:32.662Z,Wisbech,6.62,overcast clouds
2026-01-22T12:52:25.597Z,Wisbech,7.09,light rain
2026-01-22T12:52:25.598Z,Wisbech,7.09,light rain
2026-01-22T14:32:24.026Z,Wisbech,7.06,overcast clouds
2026-01-22T14:32:24.111Z,Wisbech,7.06,overcast clouds
2026-01-22T16:36:49.865Z,Wisbech,7.07,overcast clouds
2026-01-22T16:36:49.867Z,Wisbech,7.07,overcast clouds
2026-01-22T18:34:38.319Z,Wisbech,6.64,overcast clouds
2026-01-22T18:34:38.330Z,Wisbech,6.64,overcast clouds
2026-01-22T20:29:09.245Z,Wisbech,7.4,overcast clouds
2026-01-22T20:29:09.247Z,Wisbech,7.4,overcast clouds
2026-01-22T22:24:15.049Z,Wisbech,8.01,overcast clouds
2026-01-22T22:24:15.051Z,Wisbech,8.01,overcast clouds
2026-01-23T01:49:14.567Z,Wisbech,7.24,scattered clouds
2026-01-23T01:49:14.569Z,Wisbech,7.24,scattered clouds
2026-01-23T03:43:19.347Z,Wisbech,6.39,scattered clouds
2026-01-23T03:43:19.349Z,Wisbech,6.39,scattered clouds
2026-01-23T04:43:15.942Z,Wisbech,5.92,broken clouds
2026-01-23T04:43:15.949Z,Wisbech,5.92,broken clouds
2026-01-23T06:36:52.071Z,Wisbech,5.17,overcast clouds
2026-01-23T06:36:52.072Z,Wisbech,5.17,overcast clouds
2026-01-23T08:31:57.282Z,Wisbech,6.05,overcast clouds
2026-01-23T08:31:57.284Z,Wisbech,6.05,overcast clouds
2026-01-23T10:26:17.847Z,Wisbech,7.09,overcast clouds
2026-01-23T10:26:17.849Z,Wisbech,7.09,overcast clouds
2026-01-23T12:50:08.892Z,Wisbech,8.01,overcast clouds
2026-01-23T12:50:08.894Z,Wisbech,8.01,overcast clouds
2026-01-23T14:26:44.190Z,Wisbech,7.82,overcast clouds
2026-01-23T14:26:44.192Z,Wisbech,7.82,overcast clouds
2026-01-23T16:31:52.628Z,Wisbech,7.09,overcast clouds
2026-01-23T16:31:53.606Z,Wisbech,7.09,overcast clouds
2026-01-23T18:35:31.765Z,Wisbech,6.97,overcast clouds
2026-01-23T18:35:31.766Z,Wisbech,6.97,overcast clouds
2026-01-23T20:27:35.507Z,Wisbech,6.8,overcast clouds
2026-01-23T20:27:35.509Z,Wisbech,6.8,overcast clouds
2026-01-23T22:19:20.006Z,Wisbech,6.21,overcast clouds
2026-01-23T22:19:20.008Z,Wisbech,6.21,overcast clouds
2026-01-24T01:46:29.815Z,Wisbech,4.86,scattered clouds
2026-01-24T01:46:29.816Z,Wisbech,4.86,scattered clouds
2026-01-24T03:27:20.800Z,Wisbech,5.05,broken clouds
2026-01-24T03:27:20.802Z,Wisbech,5.05,broken clouds
2026-01-24T04:35:52.717Z,Wisbech,5.03,broken clouds
2026-01-24T04:35:52.720Z,Wisbech,4.58,broken clouds
2026-01-24T06:33:24.889Z,Wisbech,3.98,broken clouds
2026-01-24T06:33:24.891Z,Wisbech,3.98,broken clouds
2026-01-24T08:28:13.501Z,Wisbech,4.08,clear sky
2026-01-24T08:28:13.503Z,Wisbech,4.08,clear sky
2026-01-24T10:22:22.181Z,Wisbech,5.91,clear sky
2026-01-24T10:22:22.183Z,Wisbech,5.91,clear sky
2026-01-24T12:42:16.531Z,Wisbech,8.18,clear sky
2026-01-24T12:42:16.533Z,Wisbech,8.18,clear sky
2026-01-24T14:20:12.446Z,Wisbech,8.84,clear sky
2026-01-24T14:20:12.448Z,Wisbech,8.84,clear sky
2026-01-24T16:26:06.913Z,Wisbech,6.95,clear sky
2026-01-24T16:26:06.915Z,Wisbech,6.95,clear sky
2026-01-24T18:31:34.180Z,Wisbech,5.58,overcast clouds
2026-01-24T18:31:34.182Z,Wisbech,5.58,overcast clouds
2026-01-24T20:23:01.988Z,Wisbech,6.02,overcast clouds
2026-01-24T20:23:01.990Z,Wisbech,6.02,overcast clouds
2026-01-24T22:20:39.881Z,Wisbech,6.23,overcast clouds
2026-01-24T22:20:39.884Z,Wisbech,6.23,overcast clouds
2026-01-25T01:59:32.219Z,Wisbech,6.18,light rain
2026-01-25T01:59:32.221Z,Wisbech,6.18,light rain
2026-01-25T03:59:29.273Z,Wisbech,5.89,overcast clouds
2026-01-25T03:59:29.275Z,Wisbech,5.89,overcast clouds
2026-01-25T04:56:40.445Z,Wisbech,5.91,overcast clouds
2026-01-25T04:56:40.448Z,Wisbech,6.02,overcast clouds
2026-01-25T06:34:02.749Z,Wisbech,5.83,overcast clouds
2026-01-25T06:34:02.751Z,Wisbech,5.89,overcast clouds
2026-01-25T08:28:47.215Z,Wisbech,6.01,overcast clouds
2026-01-25T08:28:47.217Z,Wisbech,6.01,overcast clouds
2026-01-25T10:23:06.666Z,Wisbech,6,overcast clouds
2026-01-25T10:23:06.673Z,Wisbech,6,overcast clouds
2026-01-25T12:43:36.614Z,Wisbech,6.05,overcast clouds
2026-01-25T12:43:36.616Z,Wisbech,6.05,overcast clouds
2026-01-25T14:20:00.964Z,Wisbech,5.99,overcast clouds
2026-01-25T14:20:00.966Z,Wisbech,5.99,overcast clouds
2026-01-25T16:27:12.659Z,Wisbech,5.12,overcast clouds
2026-01-25T16:27:12.661Z,Wisbech,5.12,overcast clouds
2026-01-25T18:31:29.379Z,Wisbech,3.98,overcast clouds
2026-01-25T18:31:29.381Z,Wisbech,3.98,overcast clouds
2026-01-25T20:25:24.710Z,Wisbech,3.17,overcast clouds
2026-01-25T20:25:24.712Z,Wisbech,3.17,overcast clouds
2026-01-25T22:21:15.794Z,Wisbech,3.15,broken clouds
2026-01-25T22:21:15.796Z,Wisbech,3.15,broken clouds
2026-01-26T01:58:59.030Z,Wisbech,3.31,overcast clouds
2026-01-26T01:58:59.032Z,Wisbech,3.31,overcast clouds
2026-01-26T04:02:08.156Z,Wisbech,3.1,overcast clouds
2026-01-26T04:02:08.161Z,Wisbech,3.1,overcast clouds
2026-01-26T06:38:53.982Z,Wisbech,2.99,overcast clouds
2026-01-26T06:38:53.984Z,Wisbech,2.99,overcast clouds
2026-01-26T08:34:28.413Z,Wisbech,2.97,overcast clouds
2026-01-26T08:34:28.414Z,Wisbech,2.97,overcast clouds
2026-01-26T10:27:56.301Z,Wisbech,3.1,overcast clouds
2026-01-26T10:27:56.304Z,Wisbech,3.1,overcast clouds
2026-01-26T12:51:16.974Z,Wisbech,3.39,overcast clouds
2026-01-26T12:51:16.976Z,Wisbech,3.39,overcast clouds
2026-01-26T14:29:16.486Z,Wisbech,3.39,overcast clouds
2026-01-26T14:29:16.488Z,Wisbech,3.39,overcast clouds
2026-01-26T16:35:53.493Z,Wisbech,3.39,overcast clouds
2026-01-26T16:35:53.496Z,Wisbech,3.39,overcast clouds
2026-01-26T18:37:29.712Z,Wisbech,3.21,overcast clouds
2026-01-26T18:37:29.714Z,Wisbech,3.21,overcast clouds
2026-01-26T20:28:52.935Z,Wisbech,3.98,overcast clouds
2026-01-26T20:28:52.937Z,Wisbech,3.98,overcast clouds
2026-01-26T22:23:32.467Z,Wisbech,4.16,overcast clouds
2026-01-26T22:23:32.470Z,Wisbech,4.16,overcast clouds
2026-01-27T01:55:37.684Z,Wisbech,4.16,overcast clouds
2026-01-27T01:55:37.694Z,Wisbech,4.16,overcast clouds
2026-01-27T03:49:18.704Z,Wisbech,4.45,light rain
2026-01-27T03:49:18.706Z,Wisbech,4.45,light rain
2026-01-27T04:48:33.927Z,Wisbech,4.93,moderate rain
2026-01-27T04:48:33.932Z,Wisbech,4.93,moderate rain
2026-01-27T06:37:06.299Z,Wisbech,5.22,overcast clouds
2026-01-27T06:37:06.301Z,Wisbech,5.22,overcast clouds
2026-01-27T08:34:40.797Z,Wisbech,5.22,moderate rain
2026-01-27T08:34:40.799Z,Wisbech,5.22,moderate rain
2026-01-27T10:29:14.017Z,Wisbech,5.27,light rain
2026-01-27T10:29:14.019Z,Wisbech,5.27,light rain
2026-01-27T12:53:15.484Z,Wisbech,5.69,moderate rain
2026-01-27T12:53:15.486Z,Wisbech,5.69,moderate rain
2026-01-27T14:31:11.853Z,Wisbech,5.43,overcast clouds
2026-01-27T14:31:11.855Z,Wisbech,5.25,light rain
2026-01-27T16:31:46.574Z,Wisbech,6.3,overcast clouds
2026-01-27T16:31:46.576Z,Wisbech,6.3,overcast clouds
2026-01-27T18:40:17.060Z,Wisbech,6.31,overcast clouds
2026-01-27T18:40:17.063Z,Wisbech,6.31,overcast clouds
2026-01-27T20:24:53.300Z,Wisbech,5.92,overcast clouds
2026-01-27T20:24:53.301Z,Wisbech,5.92,overcast clouds
2026-01-27T22:23:46.229Z,Wisbech,5.67,broken clouds
2026-01-27T22:23:46.231Z,Wisbech,5.67,broken clouds
2026-01-28T01:52:11.591Z,Wisbech,2.85,scattered clouds
2026-01-28T01:52:11.593Z,Wisbech,2.85,scattered clouds
2026-01-28T03:46:02.122Z,Wisbech,1.9,few clouds
2026-01-28T03:46:02.124Z,Wisbech,1.9,few clouds
2026-01-28T04:45:07.764Z,Wisbech,2.87,few clouds
2026-01-28T04:45:07.766Z,Wisbech,2.87,few clouds
2026-01-28T06:37:44.741Z,Wisbech,1.01,few clouds
2026-01-28T06:37:44.743Z,Wisbech,1.01,few clouds
2026-01-28T08:34:19.085Z,Wisbech,1.18,clear sky
2026-01-28T08:34:19.087Z,Wisbech,1.18,clear sky
2026-01-28T10:30:11.268Z,Wisbech,2.54,scattered clouds
2026-01-28T10:30:11.270Z,Wisbech,2.54,scattered clouds
2026-01-28T12:52:58.778Z,Wisbech,7.03,overcast clouds
2026-01-28T12:52:58.780Z,Wisbech,7.03,overcast clouds
2026-01-28T14:31:44.787Z,Wisbech,8.46,broken clouds
2026-01-28T14:31:44.789Z,Wisbech,8.46,broken clouds
2026-01-28T16:38:35.654Z,Wisbech,6.07,broken clouds
2026-01-28T16:38:35.656Z,Wisbech,6.07,broken clouds
2026-01-28T18:38:58.469Z,Wisbech,3.45,broken clouds
2026-01-28T18:38:58.471Z,Wisbech,3.45,broken clouds
2026-01-28T20:32:45.982Z,Wisbech,2.57,overcast clouds
2026-01-28T20:32:45.983Z,Wisbech,2.57,overcast clouds
2026-01-28T22:28:10.172Z,Wisbech,3.75,overcast clouds
2026-01-28T22:28:10.174Z,Wisbech,3.75,overcast clouds
2026-01-29T02:05:52.094Z,Wisbech,4.52,overcast clouds
2026-01-29T02:05:52.102Z,Wisbech,4.52,overcast clouds
2026-01-29T05:05:51.237Z,Wisbech,3.92,overcast clouds
2026-01-29T05:05:51.244Z,Wisbech,3.92,overcast clouds
2026-01-29T06:50:17.648Z,Wisbech,3.81,overcast clouds
2026-01-29T06:50:17.650Z,Wisbech,3.81,overcast clouds
2026-01-29T08:40:52.012Z,Wisbech,3.31,overcast clouds
2026-01-29T08:40:52.014Z,Wisbech,3.31,overcast clouds
2026-01-29T10:37:52.849Z,Wisbech,3.88,overcast clouds
2026-01-29T10:37:52.856Z,Wisbech,3.88,overcast clouds
2026-01-29T12:59:30.349Z,Wisbech,3.98,overcast clouds
2026-01-29T12:59:30.351Z,Wisbech,3.98,overcast clouds
2026-01-29T14:38:14.795Z,Wisbech,3.98,overcast clouds
2026-01-29T14:38:14.798Z,Wisbech,3.98,overcast clouds
2026-01-29T16:45:29.992Z,Wisbech,4,overcast clouds
2026-01-29T16:45:29.994Z,Wisbech,4,overcast clouds
2026-01-29T18:49:56.034Z,Wisbech,3.15,broken clouds
2026-01-29T18:49:56.036Z,Wisbech,3.15,broken clouds
2026-01-29T20:31:49.109Z,Wisbech,3.13,scattered clouds
2026-01-29T20:31:49.115Z,Wisbech,3.13,scattered clouds
2026-01-29T22:28:56.961Z,Wisbech,3.13,scattered clouds
2026-01-29T22:28:56.963Z,Wisbech,3.13,scattered clouds
2026-01-30T02:05:39.056Z,Wisbech,3.13,overcast clouds
2026-01-30T02:05:39.058Z,Wisbech,3.13,overcast clouds
2026-01-30T05:08:48.397Z,Wisbech,3.29,light rain
2026-01-30T05:08:48.400Z,Wisbech,3.29,light rain
2026-01-30T06:51:17.243Z,Wisbech,4.01,overcast clouds
2026-01-30T06:51:17.245Z,Wisbech,4.01,overcast clouds
2026-01-30T08:40:37.387Z,Wisbech,4.51,light rain
2026-01-30T08:40:37.389Z,Wisbech,4.51,light rain
2026-01-30T10:35:15.130Z,Wisbech,5.02,overcast clouds
2026-01-30T10:35:15.132Z,Wisbech,5.02,overcast clouds
2026-01-30T12:57:54.393Z,Wisbech,6.07,overcast clouds
2026-01-30T12:57:54.395Z,Wisbech,6.07,overcast clouds
2026-01-30T14:36:09.795Z,Wisbech,6.9,overcast clouds
2026-01-30T14:36:09.797Z,Wisbech,6.9,overcast clouds
2026-01-30T16:40:11.961Z,Wisbech,7.23,overcast clouds
2026-01-30T16:40:11.963Z,Wisbech,7.23,overcast clouds
2026-01-30T18:43:21.352Z,Wisbech,7.21,overcast clouds
2026-01-30T18:43:21.354Z,Wisbech,7.21,overcast clouds
2026-01-30T20:31:28.803Z,Wisbech,7.09,light rain
2026-01-30T20:31:28.805Z,Wisbech,7.09,light rain
2026-01-30T22:27:08.384Z,Wisbech,7.07,overcast clouds
2026-01-30T22:27:08.386Z,Wisbech,7.07,overcast clouds
2026-01-31T02:01:57.320Z,Wisbech,6.08,overcast clouds
2026-01-31T02:01:57.323Z,Wisbech,6.08,overcast clouds
2026-01-31T05:01:42.520Z,Wisbech,4.56,broken clouds
2026-01-31T05:01:42.521Z,Wisbech,4.56,broken clouds
2026-01-31T06:40:27.921Z,Wisbech,4.1,overcast clouds
2026-01-31T06:40:27.923Z,Wisbech,4.1,overcast clouds
2026-01-31T08:32:31.937Z,Wisbech,4.26,scattered clouds
2026-01-31T08:32:31.939Z,Wisbech,4.26,scattered clouds
2026-01-31T10:26:22.287Z,Wisbech,5.94,broken clouds
2026-01-31T10:26:22.289Z,Wisbech,5.94,broken clouds
2026-01-31T12:50:30.306Z,Wisbech,9.24,overcast clouds
2026-01-31T12:50:30.308Z,Wisbech,9.24,overcast clouds
2026-01-31T14:25:16.367Z,Wisbech,9.7,overcast clouds
2026-01-31T14:25:16.369Z,Wisbech,9.7,overcast clouds
2026-01-31T16:29:30.489Z,Wisbech,8.01,broken clouds
2026-01-31T16:29:30.491Z,Wisbech,8.01,broken clouds
2026-01-31T18:34:10.368Z,Wisbech,7.07,overcast clouds
2026-01-31T18:34:10.370Z,Wisbech,7.07,overcast clouds
2026-01-31T20:27:11.621Z,Wisbech,6.65,light rain
2026-01-31T20:27:11.623Z,Wisbech,6.65,light rain
2026-01-31T22:23:37.783Z,Wisbech,6.97,overcast clouds
2026-01-31T22:23:37.785Z,Wisbech,6.97,overcast clouds
2026-02-01T02:30:28.566Z,Wisbech,6.76,overcast clouds
2026-02-01T02:30:28.568Z,Wisbech,6.76,overcast clouds
2026-02-01T05:21:44.327Z,Wisbech,5.6,overcast clouds
2026-02-01T05:21:44.330Z,Wisbech,5.6,overcast clouds
2026-02-01T06:51:10.522Z,Wisbech,5.9,overcast clouds
2026-02-01T06:51:10.524Z,Wisbech,5.9,overcast clouds
2026-02-01T08:34:03.753Z,Wisbech,5.76,overcast clouds
2026-02-01T08:34:03.756Z,Wisbech,5.76,overcast clouds
2026-02-01T10:27:11.479Z,Wisbech,7.09,overcast clouds
2026-02-01T10:27:11.481Z,Wisbech,7.09,overcast clouds
2026-02-01T12:52:11.668Z,Wisbech,8.13,overcast clouds
2026-02-01T12:52:11.670Z,Wisbech,8.13,overcast clouds
2026-02-01T14:27:07.260Z,Wisbech,8.44,overcast clouds
2026-02-01T14:27:07.262Z,Wisbech,8.44,overcast clouds
2026-02-01T16:31:24.479Z,Wisbech,8.13,overcast clouds
2026-02-01T16:31:24.481Z,Wisbech,8.13,overcast clouds
2026-02-01T18:36:27.751Z,Wisbech,7.26,overcast clouds
2026-02-01T18:36:27.753Z,Wisbech,7.26,overcast clouds
2026-02-01T20:28:13.001Z,Wisbech,6.28,overcast clouds
2026-02-01T20:28:13.003Z,Wisbech,6.28,overcast clouds
2026-02-01T22:26:00.162Z,Wisbech,6.86,overcast clouds
2026-02-01T22:26:00.167Z,Wisbech,6.86,overcast clouds
2026-02-02T02:21:38.477Z,Wisbech,6.33,overcast clouds
2026-02-02T02:21:38.480Z,Wisbech,6.33,overcast clouds
2026-02-02T05:23:57.901Z,Wisbech,5.71,overcast clouds
2026-02-02T05:23:57.903Z,Wisbech,5.71,overcast clouds
2026-02-02T07:03:19.006Z,Wisbech,6.02,overcast clouds
2026-02-02T07:03:19.009Z,Wisbech,6.02,overcast clouds
2026-02-02T08:44:18.361Z,Wisbech,6.2,scattered clouds
2026-02-02T08:44:18.363Z,Wisbech,6.2,scattered clouds
2026-02-02T10:45:07.295Z,Wisbech,7.24,broken clouds
2026-02-02T10:45:07.297Z,Wisbech,7.24,broken clouds
2026-02-02T13:02:11.761Z,Wisbech,6.3,overcast clouds
2026-02-02T13:02:11.763Z,Wisbech,6.3,overcast clouds
2026-02-02T14:41:11.721Z,Wisbech,6.05,overcast clouds
2026-02-02T14:41:11.723Z,Wisbech,6.05,overcast clouds
2026-02-02T16:41:41.620Z,Wisbech,5.25,overcast clouds
2026-02-02T16:41:41.826Z,Wisbech,5.25,overcast clouds
2026-02-02T18:46:02.109Z,Wisbech,5.25,overcast clouds
2026-02-02T18:46:02.111Z,Wisbech,5.25,overcast clouds
2026-02-03T02:11:57.992Z,Wisbech,5.25,overcast clouds
2026-02-03T02:11:57.994Z,Wisbech,5.25,overcast clouds
2026-02-03T05:14:58.220Z,Wisbech,4.19,overcast clouds
2026-02-03T05:14:58.222Z,Wisbech,4.19,overcast clouds
2026-02-03T06:53:16.758Z,Wisbech,3.15,overcast clouds
2026-02-03T06:53:16.760Z,Wisbech,3.15,overcast clouds
2026-02-03T08:37:52.673Z,Wisbech,2.12,overcast clouds
2026-02-03T08:37:52.675Z,Wisbech,2.12,overcast clouds
2026-02-03T10:41:10.327Z,Wisbech,2.2,overcast clouds
2026-02-03T10:41:10.329Z,Wisbech,2.2,overcast clouds
2026-02-03T13:02:51.031Z,Wisbech,2.2,overcast clouds
2026-02-03T13:02:51.033Z,Wisbech,2.2,overcast clouds
2026-02-03T14:43:21.232Z,Wisbech,2.38,overcast clouds
2026-02-03T14:43:21.234Z,Wisbech,2.38,overcast clouds
2026-02-03T16:54:33.249Z,Wisbech,2.2,light rain
2026-02-03T16:54:33.252Z,Wisbech,2.2,light rain
2026-02-03T18:57:43.818Z,Wisbech,2.09,light rain
2026-02-03T18:57:43.820Z,Wisbech,2.09,light rain
2026-02-03T20:37:44.613Z,Wisbech,3.37,light rain
2026-02-03T20:37:44.615Z,Wisbech,3.37,light rain
2026-02-03T22:30:40.038Z,Wisbech,3.66,overcast clouds
2026-02-03T22:30:40.040Z,Wisbech,3.66,overcast clouds
2026-02-04T02:07:16.256Z,Wisbech,3.62,overcast clouds
2026-02-04T02:07:16.258Z,Wisbech,3.62,overcast clouds
2026-02-04T05:09:51.609Z,Wisbech,3.13,overcast clouds
2026-02-04T05:09:51.611Z,Wisbech,3.13,overcast clouds
2026-02-04T06:54:40.638Z,Wisbech,3.29,overcast clouds
2026-02-04T06:54:40.640Z,Wisbech,3.29,overcast clouds
2026-02-04T08:42:45.554Z,Wisbech,4.35,overcast clouds
2026-02-04T08:42:45.556Z,Wisbech,4.35,overcast clouds
2026-02-04T10:39:06.932Z,Wisbech,6.33,overcast clouds
2026-02-04T10:39:06.934Z,Wisbech,6.33,overcast clouds
2026-02-04T13:01:27.417Z,Wisbech,8.13,broken clouds
2026-02-04T13:01:27.419Z,Wisbech,8.13,broken clouds
2026-02-04T14:40:12.600Z,Wisbech,8.46,scattered clouds
2026-02-04T14:40:12.621Z,Wisbech,8.46,scattered clouds
2026-02-04T16:51:19.503Z,Wisbech,7.39,scattered clouds
2026-02-04T16:51:19.505Z,Wisbech,7.39,scattered clouds
2026-02-04T18:52:40.079Z,Wisbech,5.59,clear sky
2026-02-04T18:52:40.081Z,Wisbech,5.59,clear sky
2026-02-04T20:35:30.999Z,Wisbech,6.34,broken clouds
2026-02-04T20:35:31.001Z,Wisbech,6.34,broken clouds
2026-02-04T22:29:30.555Z,Wisbech,6.46,broken clouds
2026-02-04T22:29:30.556Z,Wisbech,6.46,broken clouds
2026-02-05T02:08:24.503Z,Wisbech,5.4,overcast clouds
2026-02-05T02:08:24.505Z,Wisbech,5.4,overcast clouds
2026-02-05T05:16:34.823Z,Wisbech,5.25,overcast clouds
2026-02-05T05:16:34.834Z,Wisbech,5.25,overcast clouds
2026-02-05T07:00:09.734Z,Wisbech,4.5,overcast clouds
2026-02-05T07:00:09.736Z,Wisbech,4.5,overcast clouds
2026-02-05T08:43:17.588Z,Wisbech,3.98,light rain
2026-02-05T08:43:17.590Z,Wisbech,3.98,light rain
2026-02-05T10:41:23.177Z,Wisbech,4.19,overcast clouds
2026-02-05T10:41:23.179Z,Wisbech,4.19,overcast clouds
2026-02-05T13:04:32.831Z,Wisbech,3.98,overcast clouds
2026-02-05T13:04:32.833Z,Wisbech,3.98,overcast clouds
2026-02-05T14:43:11.236Z,Wisbech,3.98,light rain
2026-02-05T14:43:11.238Z,Wisbech,3.98,light rain
2026-02-05T16:51:22.756Z,Wisbech,3.75,overcast clouds
2026-02-05T16:51:22.758Z,Wisbech,3.75,overcast clouds
2026-02-05T18:50:09.285Z,Wisbech,3.75,overcast clouds
2026-02-05T18:50:09.288Z,Wisbech,3.75,overcast clouds
2026-02-05T20:35:02.195Z,Wisbech,4.32,overcast clouds
2026-02-05T20:35:02.197Z,Wisbech,4.32,overcast clouds
2026-02-05T22:28:28.331Z,Wisbech,4.34,light rain
2026-02-05T22:28:28.333Z,Wisbech,4.34,light rain
2026-02-06T02:08:30.208Z,Wisbech,4.8,light rain
2026-02-06T02:08:30.211Z,Wisbech,4.8,light rain
2026-02-06T05:14:56.335Z,Wisbech,5.08,light rain
2026-02-06T05:14:56.337Z,Wisbech,5.08,light rain
2026-02-06T06:56:23.379Z,Wisbech,5.25,moderate rain
2026-02-06T06:56:23.381Z,Wisbech,5.25,moderate rain
2026-02-06T08:42:25.491Z,Wisbech,5.25,light rain
2026-02-06T08:42:25.493Z,Wisbech,5.25,light rain
2026-02-06T10:40:32.824Z,Wisbech,6.14,overcast clouds
2026-02-06T10:40:32.826Z,Wisbech,6.14,overcast clouds
2026-02-06T13:01:31.238Z,Wisbech,6.09,overcast clouds
2026-02-06T13:01:31.241Z,Wisbech,6.09,overcast clouds
2026-02-06T14:39:20.772Z,Wisbech,6.11,overcast clouds
2026-02-06T14:39:20.774Z,Wisbech,6.11,overcast clouds
2026-02-06T16:45:55.949Z,Wisbech,6.59,overcast clouds
2026-02-06T16:45:55.951Z,Wisbech,6.59,overcast clouds
2026-02-06T18:52:50.443Z,Wisbech,6.44,overcast clouds
2026-02-06T18:52:50.445Z,Wisbech,6.44,overcast clouds
2026-02-06T20:35:30.926Z,Wisbech,6.62,heavy intensity rain
2026-02-06T20:35:30.928Z,Wisbech,6.62,heavy intensity rain
2026-02-06T22:25:28.264Z,Wisbech,7.06,overcast clouds
2026-02-06T22:25:28.266Z,Wisbech,7.06,overcast clouds
2026-02-07T02:04:03.970Z,Wisbech,6.88,overcast clouds
2026-02-07T02:04:03.972Z,Wisbech,6.88,overcast clouds
2026-02-07T05:05:13.068Z,Wisbech,5.24,scattered clouds
2026-02-07T05:05:13.071Z,Wisbech,5.24,scattered clouds
2026-02-07T06:43:00.367Z,Wisbech,4.37,overcast clouds
2026-02-07T06:43:00.368Z,Wisbech,4.37,overcast clouds
2026-02-07T08:33:13.740Z,Wisbech,5.18,broken clouds
2026-02-07T08:33:13.741Z,Wisbech,5.18,broken clouds
2026-02-07T10:26:58.149Z,Wisbech,7.48,light rain
2026-02-07T10:26:58.151Z,Wisbech,7.48,light rain
2026-02-07T12:51:20.759Z,Wisbech,9.06,overcast clouds
2026-02-07T12:51:20.761Z,Wisbech,9.06,overcast clouds
2026-02-07T14:27:28.312Z,Wisbech,9.18,overcast clouds
2026-02-07T14:27:28.314Z,Wisbech,9.18,overcast clouds
2026-02-07T16:30:57.839Z,Wisbech,9.19,light rain
2026-02-07T16:30:57.841Z,Wisbech,9.19,light rain
2026-02-07T18:36:44.721Z,Wisbech,9.08,broken clouds
2026-02-07T18:36:44.724Z,Wisbech,9.08,broken clouds
2026-02-07T20:28:12.948Z,Wisbech,8.77,overcast clouds
2026-02-07T20:28:12.950Z,Wisbech,8.77,overcast clouds
2026-02-07T22:27:44.948Z,Wisbech,8.97,overcast clouds
2026-02-07T22:27:44.950Z,Wisbech,8.97,overcast clouds
2026-02-08T02:37:04.508Z,Wisbech,6.84,broken clouds
2026-02-08T02:37:04.510Z,Wisbech,6.84,broken clouds
2026-02-08T05:23:15.808Z,Wisbech,6.08,overcast clouds
2026-02-08T05:23:15.810Z,Wisbech,6.08,overcast clouds
2026-02-08T06:51:37.476Z,Wisbech,6.31,overcast clouds
2026-02-08T06:51:37.478Z,Wisbech,6.31,overcast clouds
2026-02-08T08:34:46.191Z,Wisbech,7.07,overcast clouds
2026-02-08T08:34:46.193Z,Wisbech,7.09,overcast clouds
2026-02-08T10:28:31.180Z,Wisbech,8.13,overcast clouds
2026-02-08T10:28:31.183Z,Wisbech,8.13,overcast clouds
2026-02-08T12:52:16.924Z,Wisbech,8.98,overcast clouds
2026-02-08T12:52:16.926Z,Wisbech,8.98,overcast clouds
2026-02-08T14:28:07.181Z,Wisbech,9.68,overcast clouds
2026-02-08T14:28:07.184Z,Wisbech,9.68,overcast clouds
2026-02-08T16:32:25.935Z,Wisbech,9.19,overcast clouds
2026-02-08T16:32:25.937Z,Wisbech,9.19,overcast clouds
2026-02-08T18:38:24.218Z,Wisbech,8.16,overcast clouds
2026-02-08T18:38:24.221Z,Wisbech,8.16,overcast clouds
2026-02-08T20:29:27.076Z,Wisbech,8.01,overcast clouds
2026-02-08T20:29:27.078Z,Wisbech,8.01,overcast clouds
2026-02-08T22:28:35.824Z,Wisbech,7.84,overcast clouds
2026-02-08T22:28:35.826Z,Wisbech,7.84,overcast clouds
2026-02-09T02:23:32.198Z,Wisbech,7.09,light rain
2026-02-09T02:23:32.200Z,Wisbech,7.09,light rain
2026-02-09T05:27:03.187Z,Wisbech,6.66,overcast clouds
2026-02-09T05:27:03.189Z,Wisbech,6.66,overcast clouds
2026-02-09T07:05:19.182Z,Wisbech,6.77,overcast clouds
2026-02-09T07:05:19.184Z,Wisbech,6.77,overcast clouds
2026-02-09T08:54:25.948Z,Wisbech,6.97,overcast clouds
2026-02-09T08:54:25.950Z,Wisbech,6.97,overcast clouds
2026-02-09T10:56:16.019Z,Wisbech,8.45,overcast clouds
2026-02-09T10:56:16.022Z,Wisbech,8.45,overcast clouds
2026-02-09T13:11:24.339Z,Wisbech,10.53,broken clouds
2026-02-09T13:11:24.341Z,Wisbech,10.53,broken clouds
2026-02-09T14:53:10.067Z,Wisbech,9.79,broken clouds
2026-02-09T14:53:10.070Z,Wisbech,9.79,broken clouds
2026-02-09T19:14:25.291Z,Wisbech,6.95,overcast clouds
2026-02-09T19:14:25.292Z,Wisbech,6.95,overcast clouds
2026-02-09T20:39:58.351Z,Wisbech,7.07,overcast clouds
2026-02-09T20:39:58.353Z,Wisbech,7.07,overcast clouds
2026-02-09T22:37:14.060Z,Wisbech,7.07,overcast clouds
2026-02-09T22:37:14.067Z,Wisbech,7.07,overcast clouds
2026-02-10T02:31:44.500Z,Wisbech,6.46,overcast clouds
2026-02-10T02:31:44.502Z,Wisbech,6.46,overcast clouds
2026-02-10T05:27:36.763Z,Wisbech,7.09,overcast clouds
2026-02-10T05:27:36.765Z,Wisbech,7.09,overcast clouds
2026-02-10T07:05:35.058Z,Wisbech,7.07,overcast clouds
2026-02-10T07:05:35.060Z,Wisbech,7.07,overcast clouds
2026-02-10T08:57:06.005Z,Wisbech,7.07,overcast clouds
2026-02-10T08:57:06.008Z,Wisbech,7.07,overcast clouds
2026-02-10T10:54:46.995Z,Wisbech,7.38,overcast clouds
2026-02-10T10:54:46.998Z,Wisbech,7.38,overcast clouds
2026-02-10T13:15:52.844Z,Wisbech,7.95,overcast clouds
2026-02-10T13:15:52.846Z,Wisbech,7.95,overcast clouds
2026-02-10T14:59:03.650Z,Wisbech,8.18,overcast clouds
2026-02-10T14:59:03.652Z,Wisbech,8.18,overcast clouds
2026-02-10T17:02:58.437Z,Wisbech,8.18,overcast clouds
2026-02-10T17:02:58.440Z,Wisbech,8.18,overcast clouds
2026-02-10T19:05:32.073Z,Wisbech,8.27,light rain
2026-02-10T19:05:32.275Z,Wisbech,8.27,light rain
2026-02-10T20:45:18.170Z,Wisbech,8.27,overcast clouds
2026-02-10T20:45:18.172Z,Wisbech,8.27,overcast clouds
2026-02-10T22:40:26.835Z,Wisbech,8.45,overcast clouds
2026-02-10T22:40:26.846Z,Wisbech,8.45,overcast clouds
2026-02-11T02:28:16.042Z,Wisbech,7.7,overcast clouds
2026-02-11T02:28:16.045Z,Wisbech,7.7,overcast clouds
2026-02-11T05:27:17.559Z,Wisbech,8.13,overcast clouds
2026-02-11T05:27:17.561Z,Wisbech,8.13,overcast clouds
2026-02-11T07:02:10.863Z,Wisbech,8.13,moderate rain
2026-02-11T07:02:10.865Z,Wisbech,8.13,moderate rain
2026-02-11T08:51:37.034Z,Wisbech,8.44,light rain
2026-02-11T08:51:37.036Z,Wisbech,8.44,light rain
2026-02-11T10:52:00.377Z,Wisbech,9.69,overcast clouds
2026-02-11T10:52:00.379Z,Wisbech,9.69,overcast clouds
2026-02-11T13:12:52.360Z,Wisbech,11.39,overcast clouds
2026-02-11T13:12:52.362Z,Wisbech,11.39,overcast clouds
2026-02-11T14:54:11.969Z,Wisbech,11.87,broken clouds
2026-02-11T14:54:11.975Z,Wisbech,11.87,broken clouds
2026-02-11T17:05:00.475Z,Wisbech,10.06,broken clouds
2026-02-11T17:05:00.477Z,Wisbech,10.06,broken clouds
2026-02-11T19:04:53.575Z,Wisbech,8.59,overcast clouds
2026-02-11T19:04:53.577Z,Wisbech,8.59,overcast clouds
2026-02-11T20:39:39.857Z,Wisbech,7.62,overcast clouds
2026-02-11T20:39:39.859Z,Wisbech,7.62,overcast clouds
2026-02-11T22:30:24.825Z,Wisbech,6.97,overcast clouds
2026-02-11T22:30:24.827Z,Wisbech,6.97,overcast clouds
2026-02-12T02:23:18.431Z,Wisbech,5.89,few clouds
2026-02-12T02:23:18.432Z,Wisbech,5.89,few clouds
2026-02-12T05:25:06.164Z,Wisbech,6.78,scattered clouds
2026-02-12T05:25:06.165Z,Wisbech,6.78,scattered clouds
2026-02-12T07:02:24.932Z,Wisbech,6.92,overcast clouds
2026-02-12T07:02:24.934Z,Wisbech,6.92,overcast clouds
2026-02-12T08:49:42.686Z,Wisbech,6.94,overcast clouds
2026-02-12T08:49:42.689Z,Wisbech,6.94,overcast clouds
2026-02-12T10:48:16.771Z,Wisbech,7.24,overcast clouds
2026-02-12T10:48:16.775Z,Wisbech,7.24,overcast clouds
2026-02-12T13:10:20.149Z,Wisbech,6.47,overcast clouds
2026-02-12T13:10:20.151Z,Wisbech,6.47,overcast clouds
2026-02-12T14:48:56.358Z,Wisbech,5.59,overcast clouds
2026-02-12T14:48:56.360Z,Wisbech,5.59,overcast clouds
2026-02-12T16:59:51.018Z,Wisbech,5.02,overcast clouds
2026-02-12T16:59:51.020Z,Wisbech,5.02,overcast clouds
2026-02-12T19:03:55.160Z,Wisbech,4.94,overcast clouds
2026-02-12T19:03:55.162Z,Wisbech,4.94,overcast clouds
2026-02-12T20:36:07.917Z,Wisbech,4.32,light rain
2026-02-12T20:36:07.919Z,Wisbech,4.32,light rain
2026-02-12T22:33:46.407Z,Wisbech,4.19,overcast clouds
2026-02-12T22:33:46.409Z,Wisbech,4.19,overcast clouds
2026-02-13T02:24:51.724Z,Wisbech,3.17,overcast clouds
2026-02-13T02:24:51.726Z,Wisbech,3.17,overcast clouds
2026-02-13T05:21:03.458Z,Wisbech,3.87,moderate rain
2026-02-13T05:21:03.460Z,Wisbech,3.87,moderate rain
2026-02-13T07:00:39.490Z,Wisbech,3.44,light rain
2026-02-13T07:00:39.491Z,Wisbech,3.44,light rain
2026-02-13T08:43:06.192Z,Wisbech,3.9,overcast clouds
2026-02-13T08:43:06.194Z,Wisbech,3.9,overcast clouds
2026-02-13T10:40:01.595Z,Wisbech,4.22,light rain
2026-02-13T10:40:01.597Z,Wisbech,4.22,light rain
2026-02-13T13:02:02.710Z,Wisbech,4.79,moderate rain
2026-02-13T13:02:02.759Z,Wisbech,4.79,moderate rain
2026-02-13T14:40:44.089Z,Wisbech,4.96,light rain
2026-02-13T14:40:44.090Z,Wisbech,4.96,light rain
2026-02-13T16:49:31.540Z,Wisbech,4.19,light rain
2026-02-13T16:49:31.543Z,Wisbech,4.19,light rain
2026-02-13T18:52:08.728Z,Wisbech,3.88,light rain
2026-02-13T18:52:08.731Z,Wisbech,3.88,light rain
2026-02-13T20:39:20.534Z,Wisbech,3.12,overcast clouds
2026-02-13T20:39:20.536Z,Wisbech,3.12,overcast clouds
2026-02-13T22:34:23.698Z,Wisbech,2.2,light rain
2026-02-13T22:34:23.701Z,Wisbech,2.21,overcast clouds
2026-02-14T02:06:07.364Z,Wisbech,2.22,overcast clouds
2026-02-14T02:06:07.368Z,Wisbech,2.22,overcast clouds
2026-02-14T05:08:44.518Z,Wisbech,0.56,broken clouds
2026-02-14T05:08:44.521Z,Wisbech,0.56,broken clouds
2026-02-14T06:46:41.984Z,Wisbech,-0.48,clear sky
2026-02-14T06:46:41.986Z,Wisbech,-0.68,few clouds
2026-02-14T08:33:49.247Z,Wisbech,-0.12,few clouds
2026-02-14T08:33:49.250Z,Wisbech,-0.12,few clouds
2026-02-14T10:28:28.723Z,Wisbech,2.01,few clouds
2026-02-14T10:28:28.725Z,Wisbech,2.01,few clouds
2026-02-14T12:51:18.524Z,Wisbech,4.88,few clouds
2026-02-14T12:51:18.526Z,Wisbech,4.88,few clouds
2026-02-14T14:28:00.567Z,Wisbech,5.49,scattered clouds
2026-02-14T14:28:00.569Z,Wisbech,5.49,scattered clouds
2026-02-14T16:31:02.580Z,Wisbech,4.95,broken clouds
2026-02-14T16:31:02.582Z,Wisbech,4.95,broken clouds
2026-02-14T18:36:19.770Z,Wisbech,1.59,overcast clouds
2026-02-14T18:36:19.773Z,Wisbech,1.59,overcast clouds
2026-02-14T20:27:53.204Z,Wisbech,1.91,overcast clouds
2026-02-14T20:27:53.206Z,Wisbech,1.91,overcast clouds
2026-02-14T22:24:53.082Z,Wisbech,1.94,overcast clouds
2026-02-14T22:24:53.084Z,Wisbech,1.94,overcast clouds
2026-02-15T02:24:27.719Z,Wisbech,2.24,overcast clouds
2026-02-15T02:24:27.731Z,Wisbech,2.24,overcast clouds
2026-02-15T05:19:09.800Z,Wisbech,2.1,overcast clouds
2026-02-15T05:19:09.812Z,Wisbech,2.1,overcast clouds
2026-02-15T06:53:30.448Z,Wisbech,2.28,light rain
2026-02-15T06:53:30.456Z,Wisbech,2.28,light rain
2026-02-15T08:34:31.896Z,Wisbech,2.39,light rain
2026-02-15T08:34:31.898Z,Wisbech,2.39,light rain
2026-02-15T10:28:22.013Z,Wisbech,1.65,snow
2026-02-15T10:28:22.015Z,Wisbech,1.65,snow
2026-02-15T12:52:57.000Z,Wisbech,0.38,snow
2026-02-15T12:52:57.002Z,Wisbech,0.38,snow
2026-02-15T14:28:41.770Z,Wisbech,0.85,light snow
2026-02-15T14:28:41.772Z,Wisbech,0.85,light snow
2026-02-15T16:31:59.448Z,Wisbech,2.1,overcast clouds
2026-02-15T16:31:59.459Z,Wisbech,2.37,overcast clouds
2026-02-15T18:37:40.237Z,Wisbech,4.7,overcast clouds
2026-02-15T18:37:40.239Z,Wisbech,4.7,overcast clouds
2026-02-15T20:28:10.945Z,Wisbech,4.49,broken clouds
2026-02-15T20:28:10.947Z,Wisbech,4.49,broken clouds
2026-02-15T22:25:44.101Z,Wisbech,3.74,scattered clouds
2026-02-15T22:25:44.104Z,Wisbech,3.74,scattered clouds
2026-02-16T02:13:17.147Z,Wisbech,4.08,broken clouds
2026-02-16T02:13:17.149Z,Wisbech,4.08,broken clouds
2026-02-16T05:26:52.725Z,Wisbech,4.1,broken clouds
2026-02-16T05:26:52.727Z,Wisbech,4.1,broken clouds
2026-02-16T07:04:19.164Z,Wisbech,4.65,overcast clouds
2026-02-16T07:04:19.166Z,Wisbech,4.65,overcast clouds
2026-02-16T08:50:50.978Z,Wisbech,4.56,overcast clouds
2026-02-16T08:50:50.981Z,Wisbech,4.56,overcast clouds
2026-02-16T10:51:25.118Z,Wisbech,6.49,overcast clouds
2026-02-16T10:51:25.172Z,Wisbech,6.49,overcast clouds
2026-02-16T13:05:45.724Z,Wisbech,6.95,light rain
2026-02-16T13:05:45.726Z,Wisbech,6.95,light rain
2026-02-16T14:41:42.784Z,Wisbech,6.26,overcast clouds
2026-02-16T14:41:42.786Z,Wisbech,6.26,overcast clouds
2026-02-16T16:44:56.059Z,Wisbech,5.02,broken clouds
2026-02-16T16:44:56.061Z,Wisbech,5.02,broken clouds
2026-02-16T18:45:06.386Z,Wisbech,4.69,broken clouds
2026-02-16T18:45:06.388Z,Wisbech,4.69,broken clouds
2026-02-16T20:33:29.856Z,Wisbech,4.68,broken clouds
2026-02-16T20:33:29.858Z,Wisbech,4.68,broken clouds
2026-02-16T22:29:37.225Z,Wisbech,5.49,broken clouds
2026-02-16T22:29:37.227Z,Wisbech,5.49,broken clouds
2026-02-17T02:10:17.346Z,Wisbech,2.98,overcast clouds
2026-02-17T02:10:17.348Z,Wisbech,2.98,overcast clouds
2026-02-17T05:21:33.293Z,Wisbech,1.94,overcast clouds
2026-02-17T05:21:33.295Z,Wisbech,1.94,overcast clouds
2026-02-17T07:00:16.778Z,Wisbech,1.32,few clouds
2026-02-17T07:00:16.780Z,Wisbech,1.32,few clouds
2026-02-17T08:49:05.700Z,Wisbech,2.44,few clouds
2026-02-17T08:49:05.702Z,Wisbech,2.44,few clouds
2026-02-17T10:46:18.617Z,Wisbech,3.63,few clouds
2026-02-17T10:46:18.619Z,Wisbech,3.63,few clouds
2026-02-17T13:05:29.363Z,Wisbech,5.14,broken clouds
2026-02-17T13:05:29.365Z,Wisbech,5.14,broken clouds
2026-02-17T14:46:20.733Z,Wisbech,5.12,overcast clouds
2026-02-17T14:46:20.735Z,Wisbech,4.94,overcast clouds
2026-02-17T16:58:01.776Z,Wisbech,3.45,overcast clouds
2026-02-17T16:58:01.778Z,Wisbech,3.45,overcast clouds
2026-02-17T18:58:41.104Z,Wisbech,0.81,overcast clouds
2026-02-17T18:58:41.109Z,Wisbech,0.81,overcast clouds
2026-02-17T20:39:08.936Z,Wisbech,-0.06,overcast clouds
2026-02-17T20:39:08.938Z,Wisbech,-0.06,overcast clouds
2026-02-17T22:32:25.754Z,Wisbech,-0.85,overcast clouds
2026-02-17T22:32:25.848Z,Wisbech,-0.85,overcast clouds
2026-02-18T02:21:35.033Z,Wisbech,0.4,overcast clouds
2026-02-18T02:21:35.039Z,Wisbech,0.4,overcast clouds
2026-02-18T05:23:02.351Z,Wisbech,1.46,overcast clouds
2026-02-18T05:23:02.353Z,Wisbech,1.46,overcast clouds
2026-02-18T07:02:48.924Z,Wisbech,1.77,overcast clouds
2026-02-18T07:02:48.929Z,Wisbech,1.77,overcast clouds
2026-02-18T08:48:15.685Z,Wisbech,3.07,overcast clouds
2026-02-18T08:48:15.687Z,Wisbech,3.07,overcast clouds
2026-02-18T10:45:53.615Z,Wisbech,5.14,overcast clouds
2026-02-18T10:45:53.617Z,Wisbech,5.14,overcast clouds
2026-02-18T13:06:27.373Z,Wisbech,5.25,overcast clouds
2026-02-18T13:06:27.376Z,Wisbech,5.25,overcast clouds
2026-02-18T14:45:05.006Z,Wisbech,4.94,overcast clouds
2026-02-18T14:45:05.009Z,Wisbech,4.94,overcast clouds
2026-02-18T17:04:32.461Z,Wisbech,4,overcast clouds
2026-02-18T17:04:32.463Z,Wisbech,4,overcast clouds
2026-02-18T18:56:15.739Z,Wisbech,3.75,overcast clouds
2026-02-18T18:56:15.741Z,Wisbech,3.75,overcast clouds
2026-02-18T20:40:05.599Z,Wisbech,4.19,overcast clouds
2026-02-18T20:40:05.601Z,Wisbech,4.19,overcast clouds
2026-02-18T22:34:13.534Z,Wisbech,4.19,light rain
2026-02-18T22:34:13.536Z,Wisbech,4.19,light rain
2026-02-19T02:12:34.803Z,Wisbech,3.13,light rain
2026-02-19T02:12:34.805Z,Wisbech,3.13,light rain
2026-02-19T05:21:46.749Z,Wisbech,2.95,light rain
2026-02-19T05:21:46.751Z,Wisbech,2.95,light rain
2026-02-19T07:01:22.641Z,Wisbech,2.95,overcast clouds
2026-02-19T07:01:22.643Z,Wisbech,2.95,overcast clouds
2026-02-19T08:46:01.246Z,Wisbech,3.26,overcast clouds
2026-02-19T08:46:01.248Z,Wisbech,3.26,overcast clouds
2026-02-19T10:43:20.070Z,Wisbech,4.01,overcast clouds
2026-02-19T10:43:20.073Z,Wisbech,4.01,overcast clouds
2026-02-19T13:08:01.016Z,Wisbech,4.92,overcast clouds
2026-02-19T13:08:01.018Z,Wisbech,4.92,overcast clouds
2026-02-19T14:49:14.236Z,Wisbech,4.68,overcast clouds
2026-02-19T14:49:14.241Z,Wisbech,4.68,overcast clouds
2026-02-19T16:54:19.293Z,Wisbech,4.2,overcast clouds
2026-02-19T16:54:19.295Z,Wisbech,4.2,overcast clouds
2026-02-19T18:52:19.973Z,Wisbech,4.19,overcast clouds
2026-02-19T18:52:19.975Z,Wisbech,4.19,overcast clouds
2026-02-19T20:34:22.118Z,Wisbech,3.75,overcast clouds
2026-02-19T20:34:22.120Z,Wisbech,3.75,overcast clouds
2026-02-19T22:33:32.333Z,Wisbech,4.06,overcast clouds
2026-02-19T22:33:32.335Z,Wisbech,4.06,overcast clouds
2026-02-20T02:08:56.700Z,Wisbech,3.98,overcast clouds
2026-02-20T02:08:56.701Z,Wisbech,3.98,overcast clouds
2026-02-20T05:16:02.202Z,Wisbech,3.87,overcast clouds
2026-02-20T05:16:02.205Z,Wisbech,3.87,overcast clouds
2026-02-20T06:57:50.052Z,Wisbech,4.18,overcast clouds
2026-02-20T06:57:50.054Z,Wisbech,4.18,overcast clouds
2026-02-20T08:41:18.417Z,Wisbech,5.24,overcast clouds
2026-02-20T08:41:18.419Z,Wisbech,5.24,overcast clouds
2026-02-20T10:38:16.061Z,Wisbech,7.2,overcast clouds
2026-02-20T10:38:16.063Z,Wisbech,7.2,overcast clouds
2026-02-20T13:00:44.890Z,Wisbech,7.57,overcast clouds
2026-02-20T13:00:44.894Z,Wisbech,7.57,overcast clouds
2026-02-20T14:38:59.747Z,Wisbech,9.37,overcast clouds
2026-02-20T14:38:59.749Z,Wisbech,9.37,overcast clouds
2026-02-20T16:40:20.146Z,Wisbech,10.88,overcast clouds
2026-02-20T16:40:20.149Z,Wisbech,10.88,overcast clouds
2026-02-20T18:50:41.782Z,Wisbech,9.83,overcast clouds
2026-02-20T18:50:41.784Z,Wisbech,9.83,overcast clouds
2026-02-20T20:33:25.712Z,Wisbech,8.35,overcast clouds
2026-02-20T20:33:25.714Z,Wisbech,8.35,overcast clouds
2026-02-20T22:27:19.046Z,Wisbech,8.04,overcast clouds
2026-02-20T22:27:19.050Z,Wisbech,8.04,overcast clouds
2026-02-21T02:03:12.995Z,Wisbech,8.48,overcast clouds
2026-02-21T02:03:13.027Z,Wisbech,8.48,overcast clouds
2026-02-21T05:05:16.421Z,Wisbech,8.6,overcast clouds
2026-02-21T05:05:16.423Z,Wisbech,8.6,overcast clouds
2026-02-21T06:42:50.335Z,Wisbech,8.15,overcast clouds
2026-02-21T06:42:50.336Z,Wisbech,8.15,overcast clouds
2026-02-21T08:32:23.170Z,Wisbech,8.55,overcast clouds
2026-02-21T08:32:23.172Z,Wisbech,8.55,overcast clouds
2026-02-21T10:27:17.130Z,Wisbech,11.07,overcast clouds
2026-02-21T10:27:17.132Z,Wisbech,11.07,overcast clouds
2026-02-21T12:50:12.318Z,Wisbech,12.57,overcast clouds
2026-02-21T12:50:12.321Z,Wisbech,12.57,overcast clouds
2026-02-21T14:27:36.081Z,Wisbech,12.99,overcast clouds
2026-02-21T14:27:36.083Z,Wisbech,12.99,overcast clouds
2026-02-21T16:30:20.593Z,Wisbech,12.38,overcast clouds
2026-02-21T16:30:20.595Z,Wisbech,12.38,overcast clouds
2026-02-21T18:36:15.066Z,Wisbech,11.31,light rain
2026-02-21T18:36:15.068Z,Wisbech,11.31,light rain
2026-02-21T20:26:12.982Z,Wisbech,11.34,overcast clouds
2026-02-21T20:26:12.984Z,Wisbech,11.34,overcast clouds
2026-02-21T22:25:13.579Z,Wisbech,11.81,overcast clouds
2026-02-21T22:25:13.581Z,Wisbech,11.81,overcast clouds
2026-02-22T02:13:03.282Z,Wisbech,11.33,overcast clouds
2026-02-22T02:13:03.284Z,Wisbech,11.33,overcast clouds
2026-02-22T05:15:41.222Z,Wisbech,11.94,light rain
2026-02-22T05:15:41.224Z,Wisbech,11.94,light rain
2026-02-22T06:50:07.129Z,Wisbech,11.94,overcast clouds
2026-02-22T06:50:07.131Z,Wisbech,11.94,overcast clouds
2026-02-22T08:34:15.101Z,Wisbech,11.95,overcast clouds
2026-02-22T08:34:15.104Z,Wisbech,11.95,overcast clouds
2026-02-22T10:27:15.293Z,Wisbech,12.87,overcast clouds
2026-02-22T10:27:15.295Z,Wisbech,12.87,overcast clouds
2026-02-22T12:52:01.888Z,Wisbech,13.32,scattered clouds
2026-02-22T12:52:01.918Z,Wisbech,13.32,scattered clouds
2026-02-22T14:27:05.740Z,Wisbech,13.16,broken clouds
2026-02-22T14:27:05.742Z,Wisbech,13.16,broken clouds
2026-02-22T16:31:26.164Z,Wisbech,13.15,scattered clouds
2026-02-22T16:31:26.172Z,Wisbech,13.15,scattered clouds
2026-02-22T18:36:49.480Z,Wisbech,11.36,overcast clouds
2026-02-22T18:36:49.482Z,Wisbech,11.36,overcast clouds
